,a00_cle_idweb,g04_01_date_publication,g04_03_date_fin_diffusion,g04_07_dep_publication,g04_09_resume_objet,g01_02_01_famille,g01_02_02_perimetre,g01_02_03_nature,g01_02_04_statut,d01_01_denomination,d01_07_cp,d01_08_ville,d08_09_decision_titulaireandRENSEIGNEMENT,g04_052_descripteurs_libelles,g04_051_descripteurs_codes,g04_061_criteres_sociaux,g04_062_criteres_environnementaux
0,20-59248,2020-05-02,2020-06-05,['3'],ACCORD CADRE A BONS DE COMMANDE DE TRAVAUX TCE DE REMISE EN ETAT ET DE REMISE A NEUF DES LOGEMENTS DU PATRIMOINE D'ÉVOLÉA,joue,directive24,appeloffre,initial,EVOLEA,03000,MOULINS,,"['Couverture', 'Electricité (travaux)', 'Etanchéité', 'Maçonnerie', 'Menuiserie', 'Nettoyage de locaux', 'Plomberie (travaux)', 'Revêtements de sols', 'Revêtements muraux', 'Serrurerie', 'Télévision', ""Tous corps d'état"", 'Voirie et réseaux divers']","[74, 105, 117, 195, 222, 239, 270, 308, 309, 321, 340, 345, 366]",non,non
1,20-59329,2020-05-02,2020-06-23,"['4', '5']","Fourniture, transport, déchargement et déconditionnement de colonnes aériennes et semi-enterrées pour la collecte des déchets ménagers de la Communauté de Communes du Sisteronais-B",joue,directive24,appeloffre,initial,CC DU SISTERONAIS BUECH,04200,Sisteron,,"['Conteneur, poubelles', 'Terrassement']","[71, 341]",non,non
2,20-59227,2020-05-02,2020-06-04,['5'],Entretien et nettoyage des locaux des Bâtiments départementaux,joue,directive24,appeloffre,initial,DEPARTEMENT DES HAUTES-ALPES,05008,Gap,,['Nettoyage de locaux'],[239],oui,oui
3,20-58870,2020-05-02,2020-06-05,['6'],Fourniture de denrées alimentaires pour la confection des repas dans les différents sites du FEAM assortie de services annexes,joue,directive24,appeloffre,initial,Foyer de l'Enfance des Alpes Maritimes,06200,NICE,,['Denrées alimentaires'],[88],non,non
4,20-59307,2020-05-02,2020-06-30,['6'],18V0820 - Acquisitions de livres non scolaires tous supports confondus,joue,directive24,attribution,initial,Métropole Nice Côte d'Azur,06364,Nice cedex 4,,['Livres'],[184],non,oui
5,20-58973,2020-05-02,2020-06-02,['6'],"Fourniture, pose et maintenance de sanitaires préfabriqués à nettoyage automatique sur le territoire communal",joue,autre,rectificatif,rectificatif,COMMUNE DE CANNES,06406,Cannes,,"['Mobilier urbain', 'Sanitaire']","[231, 319]",non,non
6,20-58935,2020-05-02,2020-06-02,['6'],Prestations de plongée sous-marine,joue,autre,rectificatif,rectificatif,COMMUNE DE CANNES,06406,Cannes,,['Travaux sous-marins'],[351],non,non
7,20-58778,2020-05-02,2020-06-04,['9'],Marché de Maîtrise d'oeuvre domaine Infrastructure,joue,autre,rectificatif,rectificatif,Ville de Foix,09008,Foix,,"['Protection, chutes de pierres']",[288],non,non
8,20-58761,2020-05-02,2020-06-02,['12'],"realisation de travaux courants de petits terrassements, de confortation, d'assainissement et reparation de chaussee subdivision sud - secteur de saint-sernin-sur-rance",joue,directive24,appeloffre,initial,Conseil Départemental de l AVEYRON,12450,Flavin,,['Terrassement'],[341],non,non
9,20-59173,2020-05-02,2020-06-16,"['13', '84', '83']",EXTENSION ET MAINTENANCE DES RÉSEAUX BIOGAZ ET LIXIVIATS DE L'ISDND DE L'ARBOIS,joue,directive24,appeloffre,initial,METROPOLE D AIX MARSEILLE PROVENCE,13007,Marseille,,['Réseaux divers'],[306],non,non
10,20-58749,2020-05-02,2020-07-30,['13'],Prestations funéraires pour la Régie Municipale des Pompes Funébres (RMPF) (3 lots),joue,directive24,attribution,initial,Ville de Marseille,13233,Marseille cedex 20,"[('2020-04-21', 'Hygeco Post Mortem Assistance SAS', (1200000.0, 'EUR'), 'Soins de conservation et toilettes mortuaires'), ('2020-04-21', 'Hygeco Post Mortem Assistance SAS', (400000.0, 'EUR'), 'Transport de corps avant mise en bière'), ('2020-04-21', 'Hygeco Post Mortem Assistance SAS', (200000.0, 'EUR'), 'Transport de corps en cercueil')]",['Prestations de services'],[274],non,oui
11,20-58154,2020-05-02,2020-06-11,['13'],"prestations de réparation de mécanique générale, d'électricité et d'électronique sur véhicules de types pl et pl 4x4 de ptac supérieur à 3,5 tonnes de marque renault trucks au profit du bmpm.",joue,directive24,appeloffre,initial,Ville de Marseille,13233,Marseille Cedex 20,,['Prestations de services'],[274],non,oui
12,20-58938,2020-05-02,2020-06-12,['13'],"maintenance, acquisition et prestations associées nécessaires au fonctionnement du système de télécommunication du réseau antares au profit du BMPM - 5 lots (rectificatif)",joue,autre,rectificatif,rectificatif,Ville de Marseille,13233,Marseille Cedex 20,,"['Equipements spécialisés', 'Télécommunications']","[115, 338]",non,non
13,20-58794,2020-05-02,2020-07-30,['13'],"Prestations d'inspection, de requalification et prestations annexes, de maintenance corrective d'équipements sous pression et de remplissage en oxygène de bouteilles pour appareils respirato",joue,directive24,attribution,initial,Ville de Marseille,13233,Marseille cedex 20,"[('2020-03-10', 'BCH COMPRESSEURS SARL', (440000.0, 'EUR'), 'Bouteilles pour appareils respitatoires isolants'), ('2020-03-11', 'SERVICE INDUSTRIE MARINE SA', (32000.0, 'EUR'), 'Bouteilles pour la plongée'), ('2020-03-11', 'SERVICE INDUSTRIE MARINE SA', (120000.0, 'EUR'), ""Bouteilles d'air respirable pour compresseurs haute pression et pour engins spéciaux, ainsi que cuves d'air industriel pour compresseurs basse pression"")]","['Abris', 'Contrôle technique']","[1, 72]",non,oui
14,20-58925,2020-05-02,2020-06-02,['13'],Accord Cadre mono-attributaire sur marchés subséquents pour les prestations de commercialisation dans le cadre de la vente Hlm et de l'accession sociale sur l'ensemble du territoir,joue,directive24,appeloffre,initial,ERILIA,13291,Marseille,,['Prestations de services'],[274],non,oui
15,20-59271,2020-05-02,2020-06-02,['13'],Diagnostic structure du bâti du lycée Esclangon à Manosque,joue,directive24,appeloffre,initial,Région Provence Alpes Côte d'Azur,13481,Marseille,,"['Assistance technique', 'Contrôle technique', 'Etude', 'Prestations de services']","[19, 72, 118, 274]",non,non
16,20-58824,2020-05-02,2020-07-28,['13'],Travaux D'Entretien Des Reseaux Publics D'Eclairage Et Feux Tricolores Sur Le Territoire De La Commune,joue,directive24,attribution,initial,COMMUNE DE MARTIGUES,13692,Martigues cedex,"[('2020-02-13', 'Sarl Torres', (106666.67, 'EUR'), 'Eclairage Public'), ('2020-02-13', 'Aei Electricite', (106666.66, 'EUR'), 'Eclairage Public'), ('2020-02-13', 'lumilec', (106666.66, 'EUR'), 'Eclairage Public'), ('2020-02-13', 'Aei Electricite', (60000, 'EUR'), 'Feux Tricolores')]",['Eclairage public'],[102],non,non
17,20-58775,2020-05-02,2020-05-31,['13'],Maitrise d'oeuvre VRD pour la réalisation d'un ascenseur et d'un système de transfert au sein d'une plateforme de réparation navale pour méga-yachts de 4000 tonnes,joue,directive24,attribution,initial,LA CIOTAT SHIPYARDS,13703,La ciotat cedex,,['Prestations de services'],[274],non,non
18,20-58658,2020-05-02,2020-05-31,['13'],Assistance à maitrise d'ouvrage Environnement pour la réalisation d'un ascenseur à bateau et d'un système de transfert au sein d'une plateforme de réparation navale pour méga-yacht,joue,directive24,attribution,initial,LA CIOTAT SHIPYARDS,13703,La ciotat cedex,,['Prestations de services'],[274],non,non
19,20-59196,2020-05-02,2020-06-04,"['13', '34', '84', '83']",Fourniture et livraison de denrées alimentaires de restauration collective pour le groupement de commandes constitué entre la Ville de Fos-sur-mer et le CCAS de la Ville de Fos-sur-Mer.,joue,autre,rectificatif,rectificatif,Ville de Fos-sur-Mer,13771,Fos sur mer cedex,,['Denrées alimentaires'],[88],non,non
20,20-59240,2020-05-02,2020-06-04,"['13', '34', '83', '84']",Fourniture et livraison de denrées alimentaires de restauration collective.14 lots.,joue,autre,rectificatif,rectificatif,Ville de Fos-sur-Mer,13771,Fos sur mer cedex,,['Denrées alimentaires'],[88],non,non
21,20-58146,2020-05-02,2020-06-02,['13'],prestations de nettoyage du stade d'athlétisme couvert sur la commune de miramas (rectificatif),joue,autre,rectificatif,rectificatif,Régie Halle d'Athlétisme de Miramas,13808,Istres,,"['Nettoyage de locaux', 'Vitrerie']","[239, 363]",non,non
22,20-58755,2020-05-02,2020-06-10,['14'],Maintenance préventive et corrective des installations de traitement de l'eau du CHU de Caen,joue,directive24,appeloffre,initial,CENTRE HOSPITALIER UNIVERSITAIRE,14033,Caen,,"['Maintenance', 'Prestations de services']","[196, 274]",non,non
23,20-58836,2020-05-02,2020-05-11,['14'],Articles de protection (Amiante),joue,autre,rectificatif,rectificatif,CENTRE HOSPITALIER UNIVERSITAIRE,14033,Caen,,['Amiante'],[24],non,non
24,20-53048,2020-05-02,2020-06-15,['17'],rd129 - rd244 - rd246 - epargnes - amenagement de traverse,joue,directive24,appeloffre,initial,Cons. Départ. de la Charente-Maritime,17076,La Rochelle Cedex 9,,['Voirie et réseaux divers'],[366],oui,non
25,20-52167,2020-05-02,2020-06-15,['17'],rd117e4 - tonnay-charente aménagement de la rue de fontsèche et de la rue de lattre de tassigny,joue,directive24,appeloffre,initial,Cons. Départ. de la Charente-Maritime,17076,La Rochelle Cedex 9,,['Voirie et réseaux divers'],[366],oui,non
26,20-59110,2020-05-02,2020-06-30,['17'],fourniture d'un navire remorqueur polyvalent pour les besoins du service dragage départemental,joue,directive24,attribution,initial,Cons. Départ. de la Charente-Maritime,17076,La Rochelle cedex 9,"[('2020-04-23', 'LECAMUS', (392935, 'EUR'), ""Fourniture d'un navire remorqueur polyvalent pour les besoins du service Dragage départemental"")]",['Transport'],[347],non,oui
27,20-58862,2020-05-02,2020-05-30,"['17', '75']",Défense des intérêts de l'Enim devant les pôles sociaux des tribunaux de grande instance et les cours d'appel,joue,directive24,attribution,initial,E.N.I.M.,17183,PERIGNY,,['Prestations de services'],[274],non,non
28,20-59132,2020-05-02,2020-06-15,['20A'],Fourniture d'équipements de protection individuelle du personnel technique,joue,directive24,appeloffre,initial,COMMUNAUTE D AGGLO DU PAYS AJACCIEN,20000,Ajaccio,,"['Chaussures ou articles chaussants', 'Habillement']","[79, 150]",non,non
29,20-59130,2020-05-02,2020-06-12,"['20A', '20B']",Fourniture d'équipements et de matériels divers pour les bâtiments de la collectivité de Corse - Relance,joue,directive24,appeloffre,initial,COLLECTIVITE DE CORSE,20187,Ajaccio,,"['Outillage', 'Matériel robinetterie', 'Signalétique']","[251, 311, 333]",non,non
30,20-59340,2020-05-02,2020-06-05,['20A'],"Location d'un Hélicoptère Bombardier d'Eau (Polyvalent avec pilote, mécanicien et support technique) pendant la Campagne Feux de Forêt",joue,directive24,appeloffre,initial,SDIS Corse du Sud,20189,Ajaccio cedex 2,,['Véhicules (location)'],[474],non,non
31,20-58750,2020-05-02,2020-07-28,['20B'],Travaux de maintenances curative et préventive sur les réseaux d'eau brute du secteur Plaine Orientale Sud,joue,directive24,attribution,initial,Office Equipement Hydraulique de Corse,20601,Bastia,"[('2020-04-03', 'Dani', (2000000, 'EUR'), None)]",['Canalisations'],[48],non,non
32,20-59019,2020-05-02,2020-06-04,['20A'],"Acquisition de véhicules tout terrein de type franchisseur inférieur à 3,5T",joue,directive24,appeloffre,initial,SDIS Corse du Sud,20700,Ajaccio cedex 9,,['Véhicules (acquisition)'],[475],non,non
33,20-59058,2020-05-02,2020-07-28,['21'],Réalisation de projets et prestations techniques en matière d'infrastructures informatiques ainsi que la fourniture et maintenance des matériels et logiciels associés,joue,directive24,attribution,initial,DIJON METROPOLE,21075,Dijon,"[('2020-02-27', 'X9000', (316295.24, 'EUR'), None), ('2020-02-27', 'Getronics Overlap', (347948.31, 'EUR'), None), ('2020-02-27', 'Econocom Products Et Solutions', (343799.4, 'EUR'), None), ('2020-02-27', 'Novahe', (323590.6, 'EUR'), None)]",['Logiciel'],[186],non,non
34,20-59138,2020-05-02,2020-05-25,['21'],Gestion des équipements d'accueil des gens du voyage situées sur le territoire de l'agglomération dijonnaise,joue,autre,rectificatif,rectificatif,DIJON METROPOLE,21075,Dijon,,['Prestations de services'],[274],non,non
35,20-58951,2020-05-02,2020-06-15,['25'],Location de photocopieurs de proximité pour l'Université de Franche-Comté,joue,directive24,appeloffre,initial,Université de Franche-Comté,25030,Besançon cedex,,['Reprographie'],[305],non,oui
36,20-59190,2020-05-02,2020-07-27,"['25', '70', '90', '39', '21', '71', '89', '58']",2020-05,joue,directive24,appeloffre,initial,CENTRE HOSPITALIER REGIONAL UNVT,25030,Besançon,,['Mobilier'],[230],non,non
37,20-59047,2020-05-02,2020-06-04,['25'],Fourniture De Dispositifs De Retenue Metalliques De Normes Nf Et Normes Ce Et Accessoires,joue,directive24,appeloffre,initial,DEPARTEMENT DU DOUBS,25031,Besancon Cedex,,['Glissières de sécurité'],[142],non,non
38,20-58952,2020-05-02,2020-05-30,"['25', '21', '39', '58', '70', '71', '90', '89']","prestations de nettoyage des locaux, fourniture de consommables et vitrerie des bâtiments administratifs du conseil régional de bourgogne-franche-comté",joue,directive24,attribution,initial,REGION BOURGOGNE FRANCHE COMTE,25044,Besançon,"[('2020-01-30', 'ARC EN CIEL', (908510.88, 'EUR'), 'Nettoyage de locaux et fourniture de consommables pour le site de Besançon'), ('2020-01-30', 'IDEES 21', (1068288, 'EUR'), 'Nettoyage de locaux et fourniture de consommables pour le site de Dijon'), ('2020-01-30', 'FRANCHE COMTE NETTOYAGE', (66636.64, 'EUR'), 'Vitrerie pour le site de Besançon'), ('2020-01-30', 'IDEES 21', (102900, 'EUR'), 'Vitrerie pour le site de Dijon')]",['Nettoyage de locaux'],[239],oui,oui
39,20-59275,2020-05-02,2020-06-03,['26'],202046 - Diagnostics Et Demande D Autorisation De Systemes D 'Endiguement - Aoo - 5 Lots,joue,directive24,appeloffre,initial,VALENCE ROMANS SUD RHONE-ALPES,26000,Valence,,['Ingénierie'],[455],non,non
40,20-59220,2020-05-02,2020-06-02,['26'],Maîtrise d'oeuvre pour la fourniture et la mise en place de panneaux photovoltaïques sur 41 sites du Département de la Drôme,joue,directive24,appeloffre,initial,DEPARTEMENT DE LA DROME,26026,Valence,,"[""Maîtrise d'oeuvre""]",[197],non,non
41,20-58428,2020-05-02,2020-05-30,['29'],"fourniture, pose et mise en service des équipements de stations-services en libre service de gaz naturel compressé pour véhicules (gnv) sur le département du finistère",joue,directive24,attribution,initial,SEML ENERGIES EN FINISTERE,29000,Quimper,"[('2020-04-29', 'MESURE PROCESS', (1292408.64, 'EUR'), 'Stations de compression et équipements connexes'), ('2020-04-29', 'MESURE PROCESS', (202539.9, 'EUR'), 'appareils de distribution GNC'), ('2020-04-29', 'MESURE PROCESS', (32904.92, 'EUR'), 'systèmes de paiement')]","['Gaz divers', 'Logiciel']","[139, 186]",non,non
42,20-58707,2020-05-02,2020-05-25,['29'],fourniture d'équipements et de prestations d'accompagnement pour le remplacement des switches de desserte et d'interconnexions,fns,cmp2006,appeloffre,initial,ESTM/EPA/ENSTA Bretagne,29200,Brest,,['Informatique (matériel)'],[162],non,non
43,20-58967,2020-05-02,2020-06-15,['29'],"location et entretien de vêtements de travail, bobines essuie-mains, textiles et divers articles (rectificatif)",joue,autre,rectificatif,rectificatif,Brest métropole,29238,Brest cedex 2,,['Textile'],[343],oui,oui
44,20-58783,2020-05-02,2020-06-19,"['30', '34']",Entretien des espaces verts des bâtiments départementaux,joue,directive24,appeloffre,initial,Conseil général du Gard,30044,Nîmes cedex 9,,['Espaces verts'],[116],oui,oui
45,20-58813,2020-05-02,2020-05-29,['30'],La location et la maintenance d'imprimantes numériques et agrafeuses plieuses pour les établissements du Ght Cévennes Gard Camargue,joue,directive24,appeloffre,initial,Centre Hospitalier de Bagnols-sur-Cèze,30200,Bagnols-Sur-Ceze,,"['Informatique (matériel)', 'Matériel médical']","[162, 212]",non,non
46,20-58921,2020-05-02,2020-10-01,['30'],Traitement des ordures ménagères résiduelles du Syndicat,joue,directive24,appeloffre,initial,SYNDICAT MIXTE SUD RHONE ENVIRONNEMENT,30301,Beaucaire pdc1,,"['Benne', 'Décharge']","[34, 84]",non,non
47,20-11107,2020-05-02,2020-06-08,['30'],entretien des espaces verts de 2 propriétése de nîmes métropole,joue,directive24,appeloffre,initial,CA Nîmes Métropole,30947,Nîmes cedex 9,,"['Arrosage', 'Espaces verts']","[13, 116]",non,non
48,20-59246,2020-05-02,2020-06-30,['31'],Achat d'un électrolyseur - Projet PACAERO,joue,directive24,attribution,initial,INP de Toulouse,31029,Toulouse cedex 4,"[('2020-04-17', 'AREVA H2GEN', (442300, 'EUR'), ""Achat d'un électrolyseur"")]",['Equipements spécialisés'],[115],non,non
49,20-58839,2020-05-02,2020-05-25,['31'],"Accord-cadre multi-attributaire de maîtrise d'oeuvre pour des opérations de rénovation, réhabilitation, réutilisation ou démolition d'ouvrages de bâtiment ou d'infrastructure",joue,autre,rectificatif,rectificatif,CHU DE TOULOUSE,31059,Toulouse cedex 9,,['Prestations de services'],[274],non,non
50,20-58908,2020-05-02,2020-08-01,['31'],Le présent accord-cadre a pour objet la mise à disposition et le maintien opérationnel d'une solution régionale de partage d'imagerie médicale.,joue,directive24,appeloffre,initial,GIP e-santé Occitanie,31400,Toulouse,,['Logiciel'],[186],non,non
51,20-58906,2020-05-02,2020-08-01,['31'],Le présent accord-cadre a pour objet la mise à disposition et la maintenance d'une plateforme d'intermédiation et de gestion des référentiels.,joue,directive24,appeloffre,initial,GIP e-santé Occitanie,31400,Toulouse,,['Logiciel'],[186],non,non
52,20-59085,2020-05-02,2020-06-15,"['34', '31']",Accompagnement à lanimation dun réseau régional de lEcologie Industrielle et Territoriale,joue,directive24,appeloffre,initial,REGION OCCITANIE,31406,TOULOUSE,,['Etude'],[118],non,non
53,20-59323,2020-05-02,2020-06-08,"['31', '34', '30', '66']",ACHAT DE DENREES ALIMENTAIRES POUR LES BESOINS DES ADHERENTS DE LA CENTRALE D'ACHAT REGIONALE OCCITANIE,joue,directive24,appeloffre,initial,REGION OCCITANIE,31406,Toulouse,,"['Denrées alimentaires', ""Produits de l'agriculture""]","[88, 276]",non,oui
54,20-58693,2020-05-02,2020-06-08,['31'],"20m0222aoo - Fourniture, livraison et installation de matériels biomédicaux pour la pépinière d'entreprises du Centre Pierre Potier - Dg/Hz",joue,directive24,appeloffre,initial,TOULOUSE METROPOLE,31505,Toulouse,,['Matériel électronique médical'],[205],non,non
55,20-59289,2020-05-02,2020-06-02,['31'],Marché réservé: Prestations d'entretien des espaces verts zone nord de la Ville de Colomiers,joue,directive24,appeloffre,initial,ville de Colomiers,31776,COLOMIERS CEDEX,,"['Espaces verts', 'Prestations de services']","[116, 274]",non,non
56,20-58791,2020-05-02,2020-06-08,['33'],ACQUISITION D'EQUIPEMENTS SPORTIFS ET PARA MEDICAUX POUR LES CREPS DE BORDEAUX ET POITIERS,joue,directive24,appeloffre,initial,Région Nouvelle Aquitaine,33000,Bordeaux,,"['Equipement sportif', 'Matériel électronique médical']","[113, 205]",non,non
57,20-59002,2020-05-02,2020-06-08,['33'],Prestations de conseils et de mise en oeuvre autour des technologies Microsoft,joue,directive24,appeloffre,initial,Région Nouvelle Aquitaine,33000,Bordeaux,,['Informatique (prestations de services)'],[163],non,non
58,20-59096,2020-05-02,2020-06-26,['33'],DISTRIBUTION DE DIFFERENTS DOCUMENTS POUR LES SERVICES DE LA VILLE DE BORDEAUX,joue,directive24,appeloffre,initial,COMMUNE DE BORDEAUX,33045,BORDEAUX,,['Prestations de services'],[274],non,non
59,20-52646,2020-05-02,2020-06-03,['33'],Fourniture de système de positionnement de précision au profit du Ministère des Armées.,joue,directive81,appeloffre,initial,MINARM/DMAé/SSAM33503,33068,Bordeaux cedex,,['Topographie'],[344],non,non
60,20-58809,2020-05-02,2020-06-04,"['31', '9', '65', '81', '82']",Toulouse (31) accord-cadre à bons de commande relatif à la maintenance des équipements et des réseaux d'air comprimé au profit des établissements relevant de la bdd Toulouse,joue,directive24,appeloffre,initial,MINDEF/SGA/DCSID/ESID Bordeaux,33068,Bordeaux cedex,,"['Equipement industriel', 'Prestations de services']","[112, 274]",non,non
61,20-59024,2020-05-02,2020-08-13,"['9', '31', '64', '65', '81']","prestations de transport de personnel au profit de sites soutenus par la base de défense de toulouse-tarbes-castres (09, 31, 64, 65, 81) (rectificatif)",joue,autre,rectificatif,rectificatif,SCA/PFAF SO,33068,BORDEAUX,,['Transport'],[347],non,non
62,20-59053,2020-05-02,2020-05-25,['33'],Sutures mécaniques au profit du groupement régional de commandes,joue,autre,rectificatif,rectificatif,CHU DE BORDEAUX,33400,Talence,,['Produits pharmaceutiques'],[280],non,non
63,20-58442,2020-05-02,2020-06-02,['33'],"Fourniture de microscopes et stéréo-microscopes équipés de caméras, des équipements et logiciels annexes et prestations associées à destination de l'UF de Biologie de l'Université de bordeaux",joue,directive24,appeloffre,initial,Université de Bordeaux,33405,TALENCE Cedex,,"['Equipements spécialisés', 'Matériel didactique', 'Optique']","[115, 202, 248]",non,non
64,20-52972,2020-05-02,2020-06-30,['33'],Fournitures et prestations relatives à l'organisation de la RoboCup 2020 à Bordeaux,joue,directive24,attribution,initial,Université de Bordeaux,33405,TALENCE Cedex,,"['Audiovisuel', 'Cloison, faux plafond', 'Consommables informatiques', 'Informatique (matériel)', 'Location (matériels)', 'Matériel électrique', 'Menuiserie', 'Mobilier', 'Outillage', ""Ouvrage d'infrastructure"", 'Repas, traiteur', 'Réseaux divers', 'Revêtements de sols', 'Terrain de sport', 'Evénementiel', 'Informatique (maintenance serveurs et réseaux)']","[22, 63, 68, 162, 185, 203, 222, 230, 251, 253, 304, 306, 308, 342, 445, 454]",non,non
65,20-58843,2020-05-02,2020-06-05,['33'],202001,joue,directive24,appeloffre,initial,COMMUNE D'IZON,33450,Izon,,"['Restauration collective', 'Denrées alimentaires']","[66, 88]",non,oui
66,20-59063,2020-05-02,2020-07-07,['34'],achat de masques,joue,directive24,attribution,initial,Montpellier Méditerranée Métropole,34062,Montpellier,"[('2020-04-30', 'RESILIENCE', (200000, 'EUR'), 'ACHAT DE MASQUES')]",['Matériel médical'],[212],non,non
67,20-59253,2020-05-02,2020-05-25,['34'],débroussaillement et fauchages des propriétés communales et métropolitaines (rectificatif),joue,autre,rectificatif,rectificatif,Ville de Montpellier,34067,Montpellier Cedex 2,,['Espaces verts'],[116],non,non
68,20-59219,2020-05-02,2020-06-02,['34'],Acquisition de ludospaces et fourgonnettes,joue,directive24,appeloffre,initial,Conseil départemental de l'Hérault,34087,Montpellier,,['Véhicules (acquisition)'],[475],non,non
69,20-59278,2020-05-02,2020-06-02,['34'],Fourniture de livres imprimés pour les médiathèques de Sète Agglopôle Méditerranée,joue,directive24,appeloffre,initial,Sète agglopôle Méditerrannée,34110,Frontignan,,['Livres'],[184],non,non
70,20-59416,2020-05-02,2020-07-30,['34'],PRÉFIGURATION D'UNE GOUVERNANCE LITTORALE SUR LE GOLFE D'AIGUES MORTES : MISSION D'ASSISTANCE,fns,cmp2006,attribution,initial,COMM D AGGLOMERATION DU PAYS DE L OR,34137,MAUGUIO,"[('2020-04-27', 'Lisode', (82875, 'EUR'), None)]","['Etude', 'Ingénierie']","[118, 455]",non,non
71,20-58933,2020-05-02,2020-06-05,['34'],Accord cadre pour la fourniture de véhicules d'occasions,joue,directive24,appeloffre,initial,COMMUNAUTE D AGGL HERAULT MEDITERRANEE,34630,Saint Thibery,,['Véhicules (acquisition)'],[475],non,non
72,20-58920,2020-05-02,2020-05-30,"['36', '72', '93', '87']","Fourniture et livraison de palettes, de caisses américaines, d'emballages divers et d'accessoires",joue,directive24,attribution,initial,COMSOPGN,36300,Le Blanc,,"['Carton', 'Conditionnement']","[54, 67]",non,non
73,20-59006,2020-05-02,2020-05-29,['37'],acquisitions de vehicules pour le transport de personnes a mobilite reduite (tpmr),joue,directive25,attribution,initial,SYNDICAT DES MOBILITES DE TOURAINE,37200,TOURS,"[('2020-04-24', 'RENAULT RETAIL', (617138.6, 'EUR'), 'ACQUISITIONS DE VEHICULES POUR LE TRANSPORT DE PERSONNES A MOBILITE REDUITE (TPMR)')]",['Véhicules (acquisition)'],[475],non,non
74,20-59160,2020-05-02,2020-05-25,['37'],Acquisition d'autobus GNC,joue,directive25,appeloffre,initial,SYNDICAT DES MOBILITES DE TOURAINE,37206,TOURS CEDEX 3,,"['Transport', 'Véhicules']","[347, 359]",non,non
75,20-59054,2020-05-02,2020-06-02,"['38', '69', '73', '74']",Location Maintenance Et Assurance De Vehicules Utilitaires Pour Le Ghnd (38),joue,autre,rectificatif,rectificatif,CENTRE HOSPITALIER PIERRE OUDOT,38302,Bourgoin-Jallieu,,['Véhicules (location)'],[474],non,oui
76,20-59272,2020-05-02,2020-06-02,['38'],Groupement De Commande De Fourniture De Carburants Avec Carte Accréditives Permettant La Prise De Carburant En Station Pour La Ville De Fontaine Et Le Ccas De Fontaine,joue,directive24,appeloffre,initial,VILLE DE FONTAINE,38603,Fontaine,,"['Carburant, hydrocarbure']",[52],non,non
77,20-58686,2020-05-02,2020-07-16,['41'],AC MS Mission de maîtrise d'oeuvre sur monuments historiques - aître et église Saint-Saturnin,joue,directive24,attribution,initial,Ville de Blois,41012,Blois Cedex,,"[""Maîtrise d'oeuvre""]",[197],non,non
78,20-58699,2020-05-02,2020-05-30,['42'],Entretien des locaux de l'Université Jean Monnet à Saint-Etienne,joue,directive24,attribution,initial,UNIVERSITE JEAN MONNET,42023,Saint-etienne cedex 2,,['Nettoyage de locaux'],[239],non,non
79,20-59269,2020-05-02,2020-06-11,['44'],Hydrocurage et inspection télévisée des réseaux d'eaux usées et d'eaux pluviales et contrôle des branchements,joue,directive24,appeloffre,initial,Comcom Estuaire et Sillon,44260,SAVENAY,,"['Assainissement', 'Canalisations', 'Contrôle technique', 'Voirie et réseaux divers', 'Ingénierie']","[18, 48, 72, 366, 455]",non,non
80,20-58437,2020-05-02,2020-06-02,['44'],prestations de collecte des objets à destination du réemploi en déchéteries - marché réservé aux SIAE,joue,directive24,appeloffre,initial,Nantes Métropole,44923,Nantes cedex 9,,['Déchets non ménagers (prestations)'],[404],oui,non
81,20-59226,2020-05-02,2020-05-29,['44'],"conception, réalisation et organisation de l'évènement lié au prix capitale européenne de l'innovation (rectificatif)",joue,autre,rectificatif,rectificatif,Nantes Métropole,44923,Nantes cedex 9,,['Evénementiel'],[445],non,non
82,20-59256,2020-05-02,2020-06-08,"['72', '44']",Accord-cadre d'exploitation thermique pour les besoins du lycée général Bellevue (Le Mans 72) et la Région des Pays de la Loire dans le cadre d'un groupement de commande,joue,directive24,appeloffre,initial,Conseil régional des Pays de la Loire,44966,Nantes cedex 9,,"['Chauffage (exploitation, entretien)', 'Prestations de services']","[59, 274]",non,oui
83,20-58907,2020-05-02,2020-05-30,['47'],ENTRETIEN DES ESPACES VERTS,joue,directive24,attribution,initial,Ville du Passage d'Agen,47901,AGEN CEDEX 9,"[('2020-03-30', 'SAS A.E.V. PAYSAGE', (240000, 'EUR'), 'Tonte des espaces verts et taille de haies'), ('2020-03-17', 'SARL ANTOINE ESPACES VERTS', (360000, 'EUR'), ""Débroussaillage des espaces verts des trottoirs et fils d'eau et des cimetières""), ('2020-03-30', 'GALE ELAGAGE', (220000, 'EUR'), ""Elagage et abattage d'arbres""), ('2020-03-30', 'GALE ELAGAGE', (180000, 'EUR'), 'Fauchage raisonné des accotements')]",['Espaces verts'],[116],oui,oui
84,19-127477,2020-05-02,2020-05-15,['49'],refonte du système d'information de la direction de l'eau et de l'assainissement d'angers loire métropole,joue,directive25,appeloffre,initial,Angers Loire Métropole,49000,Angers,,"['Alimentation en eau potable', 'Informatique (matériel)', 'Informatique (prestations de services)', 'Logiciel', 'Informatique (maintenance serveurs et réseaux)']","[6, 162, 163, 186, 454]",non,non
85,20-59234,2020-05-02,2020-06-02,['50'],Travaux de réseaux d'Assainissement et d'Adduction d'Eau Potable - Marché à bons de commande,joue,directive24,appeloffre,initial,CA SAINT LO AGGLO,50008,Saint-Lo,,"['Assainissement', 'Canalisations']","[18, 48]",oui,non
86,20-58926,2020-05-02,2020-06-04,['50'],Mission d'assistance à maîtrise d'ouvrage pour la mise en place d'un système numérique selon une approche servicielle,joue,directive24,appeloffre,initial,Communauté d'Agglomération du Cotentin,50130,Cherbourg en Cotentin,,"['Assistance technique', 'Prestations de services', ""Assistance à maîtrise d'ouvrage""]","[19, 274, 433]",non,non
87,20-58694,2020-05-02,2020-05-13,['53'],"Maintenance des systèmes de sécurité incendie et des systèmes de détection incendie des collèges publics de la Mayenne, des bâtiments administratifs du Conseil départemental et du",joue,autre,rectificatif,rectificatif,DEPARTEMENT DE LA MAYENNE,53014,Laval,,['Maintenance'],[196],non,non
88,20-59270,2020-05-02,2020-06-02,['53'],Construction des Ouvrages d'Art du contournement de Cossé-le-Vivien,joue,directive24,appeloffre,initial,DEPARTEMENT DE LA MAYENNE,53014,Laval,,"[""Ouvrage d'art""]",[252],non,non
89,20-59306,2020-05-02,2020-05-28,['54'],Fourniture de collecteurs pour DASRI perforants,joue,autre,rectificatif,rectificatif,CHRU de Nancy,54035,Nancy cedex,,"['Conteneur, poubelles']",[71],non,non
90,20-59200,2020-05-02,2020-06-30,['54'],"Acquisition d'arbres, d'arbustes et travaux de plantations pour les besoins du Département de Meurthe-et-Moselle",joue,directive24,attribution,initial,Département de Meurthe-et-Moselle,54035,NANCY CEDEX,,['Espaces verts'],[116],non,non
91,20-58999,2020-05-02,2020-06-30,['54'],"Travaux de petites réparations de chaussées - colmatage et réfection de fissures, nids de poule, pelades faïençages - sur diverses routes départementales de Meurthe-et-Moselle",joue,directive24,attribution,initial,Département de Meurthe-et-Moselle,54035,NANCY CEDEX,"[('2020-03-13', 'SBTP', (1600000.0, 'EUR'), 'Travaux de petites réparations de chaussées - colmatage et réfection de fissures, nids de poule, pelades faiençages - sur diverses routes départementales de Meurthe-et-Moselle')]",['Voirie'],[365],non,non
92,20-58994,2020-05-02,2020-06-30,['54'],"Fourniture, livraison et montage de rayonnage mobile",joue,directive24,attribution,initial,Département de Meurthe-et-Moselle,54052,NANCY CEDEX,"[('2019-08-15', 'BRUYNZEEL Rangements', (123646.66, 'EUR'), 'Fourniture, livraison et montage de rayonnage mobile')]",['Rayonnage'],[300],non,non
93,20-59082,2020-05-02,2020-07-10,['54'],"MARCHE N°20B33 PORTANT SUR L'ACQUISITON, LA LIVRAISON, L'INSTALLATION D'UN AIMANT SUPRACONDUCTEUR SEC POUR LE GREEN",joue,directive24,appeloffre,initial,Université de Lorraine,54505,Vandoeuvre-les-nancy,,"['Equipements spécialisés', 'Laboratoire (matériel)']","[115, 188]",non,non
94,20-58752,2020-05-02,2020-07-28,['56'],Entretien des espaces verts du patrimoine immobilier de Lorient Habitat,joue,directive24,attribution,initial,OFFICE PUB HABITAT COM AGGL PAYS LORIE,56325,Lorient,,['Espaces verts'],[116],non,non
95,20-55642,2020-05-02,2020-06-09,['56'],"fourniture de conteneurs enterrés, semi-enterrés et aériens",joue,directive24,appeloffre,initial,CC CENTRE MORBIHAN COMMUNAUTE,56503,LOCMINE,,"['Conteneur, poubelles']",[71],non,non
96,20-58981,2020-05-02,2020-07-28,['57'],20s0014 - Drm - Sdir - Opération de sécurité 2020 - Aménagement du carrefour entre les Rd855 et Rd 956 Commune de Kirschnaumen,joue,directive24,attribution,initial,DEPARTEMENT DE LA MOSELLE,57036,Metz,"[('2020-04-28', 'Eurovia Alsace Lorraine', (450000, 'EUR'), None)]",['Voirie'],[365],oui,non
97,20-58880,2020-05-02,2020-06-12,['57'],20s0053 - Remplacement de la Gestion Technique Centralisée du collège Jules Lagneau à Metz,joue,directive24,appeloffre,initial,DEPARTEMENT DE LA MOSELLE,57036,Metz,,['Electricité (travaux)'],[105],non,non
98,20-58724,2020-05-02,2020-06-30,"['57', '54', '67', '68']","BdD DE PHALSBOURG (57). Conduite et maintenance des installations collectives de chauffage, ventilation et climatisation et de production d'eau chaude sanitaire.",joue,directive24,appeloffre,initial,ESID de Metz,57044,Metz cedex 01,,"['Chauffage (exploitation, entretien)']",[59],oui,non
99,20-59309,2020-05-02,2020-06-15,['58'],Accord-Cadre multi attributaires pour la fourniture de véhicules légers et utilitaires,joue,directive24,appeloffre,initial,ADN Nevers,58027,Nevers cedex,,"['Véhicules', 'Véhicules (acquisition)']","[359, 475]",non,oui
100,20-58905,2020-05-02,2020-06-02,['58'],Transport scolaire,joue,directive24,appeloffre,initial,ADN Nevers,58027,Nevers cedex,,['Transport'],[347],non,non
101,20-58869,2020-05-02,2020-06-06,['59'],"Fourniture de sel de déneigement pour le groupement de commandes de la Ville de Lille entre la Ville de Lille, ses communes associées de Lomme et d'Hellemmes et leurs CCAS",joue,directive24,appeloffre,initial,Ville de Lille,59033,Lille cedex,,['Sel de déneigement'],[320],non,non
102,20-59070,2020-05-02,2020-06-10,['59'],- Mission de Maîtrise d'Oeuvre d'infrastructure en conception et suivi de réalisation - Création de dispositifs de lutte contre les innondations sur le bassin versant du courant Dewasier,joue,directive24,appeloffre,initial,METROPOLE EUROPEENNE DE LILLE,59034,Lille Cedex,,"['Irrigation', 'Prestations de services']","[168, 274]",non,non
103,20-58992,2020-05-02,2020-05-25,['59'],Externalisation des archives intermédiaires - Centrale d'Achat Métropolitaine,joue,autre,rectificatif,rectificatif,METROPOLE EUROPEENNE DE LILLE,59034,Lille,,['Carton'],[54],non,non
104,20-59000,2020-05-02,2020-06-04,['59'],Services de transport par véhicule léger (hors transport en commun) d'enfants mineurs et de jeunes majeurs pris en charge au titre de l'Aide Sociale à l'Enfance - 7 lots,joue,directive24,appeloffre,initial,DEPARTEMENT DU NORD,59047,Lille,,['Transport'],[347],non,non
105,20-58807,2020-05-02,2020-06-30,['59'],"Accord-cadre à bons de commande pour la location, l'installation et la maintenance de fontaines à eau pour les services départementaux du Nord et fourniture de consommables",joue,directive24,attribution,initial,DEPARTEMENT DU NORD,59047,Lille,,"['Location (matériels)', 'Fontaine']","[185, 449]",non,non
106,20-58795,2020-05-02,2020-06-30,['59'],AC à BDC pour la maintenance du progiciel de gestion du courrier GESCOUR et prestations associées pour le Département du Nord,joue,directive24,attribution,initial,DEPARTEMENT DU NORD,59047,Lille,,['Prestations de services'],[274],non,non
107,20-58756,2020-05-02,2020-06-15,['59'],Marché de maîtrise d'oeuvre pour la réhabilitation des bâtiments existants rue Albergotti à Douai en vue du regroupement des services départementaux sur le site.,joue,directive24,attribution,initial,DEPARTEMENT DU NORD,59047,Lille,,['Prestations de services'],[274],oui,non
108,20-58741,2020-05-02,2020-05-30,['59'],Nettoyage du linge de l'EHPAD 'Yvon DUVAL',joue,directive24,appeloffre,initial,CCAS de Coudekerque-Branche (59),59210,Coudekerque-Branche,,['Blanchissage'],[36],non,non
109,20-59114,2020-05-02,2020-06-09,['59'],Acquisition de véhicules pour les besoins des quatre Etablissements Publics de Santé Mentale du Groupement Hospitalier de Territoire Nord-Pas-de-Calais,joue,directive24,appeloffre,initial,EPSM Lille Métropole,59280,Armentières,,['Véhicules (acquisition)'],[475],non,non
110,20-58891,2020-05-02,2020-06-12,['59'],Accord cadre de travaux sur les équipements et réseaux de distribution haute tension,joue,directive25,appeloffre,initial,Grand Port Maritime de Dunkerque,59386,Dunkerque Cedex 01,,['Electricité (travaux)'],[105],non,non
111,20-59254,2020-05-02,2020-07-09,['59'],Vérifications réglementaires périodiques des installations techniques des bâtiments communautaires - 2 lots,joue,directive24,appeloffre,initial,Communauté Urbaine de Dunkerque,59386,Dunkerque cedex 1,,['Prestations de services'],[274],non,non
112,20-58762,2020-05-02,2020-05-30,"['59', '62', '2', '60']",Etude PAPI Sambre 2020-2022,joue,directive24,attribution,initial,espaces naturels régionaux,59550,Maroilles,,['Prestations de services'],[274],non,non
113,20-58927,2020-05-02,2020-06-02,['59'],Fourniture de bons d'achat nécessaires aux activités du Ccas de la Ville de Villeneuve d'Ascq,joue,directive24,appeloffre,initial,Ville de Villeneuve d'Ascq,59650,Villeneuve d'Ascq,,"['Impression', 'Prestations de services', 'Chèque cadeau']","[160, 274, 436]",non,non
114,20-59098,2020-05-02,2020-06-12,['59'],Système de comptage des voyageurs dans les bus.,joue,autre,rectificatif,rectificatif,METROPOLE EUROPEENNE DE LILLE,59800,Lille,,['Electricité (travaux)'],[105],oui,non
115,20-59277,2020-05-02,2020-06-05,['60'],Transformation du terrain d'honneur en terrain hybride au stade Saint Martin,joue,directive24,appeloffre,initial,SOCIETE D AMENAGEMENT DE L OISE,60000,Beauvais,,['Terrain de sport'],[342],non,non
116,20-13364,2020-05-02,2020-07-10,['60'],"fourniture de pièces, équipements, matériels et accessoires adaptables et spécifiques pour les besoins du service du garage du département de l'oise",joue,directive24,attribution,initial,Conseil Départemental de l'Oise,60000,Beauvais,"[('2020-04-10', 'S.A.S. SERVICE ELECTRO DIESEL', (320000, 'EUR'), None)]","['Mécanique', 'Pièces détachées']","[221, 266]",non,non
117,20-58705,2020-05-02,2020-06-19,['60'],Location de courte durée de véhicules,joue,autre,rectificatif,rectificatif,INERIS,60550,Verneuil en Halatte,,['Prestations de services'],[274],non,oui
118,20-59239,2020-05-02,2020-06-02,['62'],Acquisition de chèques repas pour le personnel en formation du SDIS du Pas-de-Calais,joue,directive24,appeloffre,initial,SDIS 62,62052,Saint Laurent Blangy Cedex,,"['Repas, traiteur', 'Chèque cadeau']","[304, 436]",non,non
119,20-58997,2020-05-02,2020-06-02,['62'],"Transfert, transport, traitement et valorisation des différents déchets ménagers collectés en porte à porte et en déchetterie sur le territoire de la CAB.",joue,directive24,appeloffre,initial,Cté d'agglomération du Boulonnais,62321,Boulogne sur Mer Cedex,,['Ordures ménagères (prestations)'],[249],non,non
120,20-57937,2020-05-02,2020-07-02,['62'],maintenance tous risques des endoscopes rigides pour les centres hospitaliers de boulogne sur mer et de calais,joue,directive24,appeloffre,initial,Centre Hospitalier de Boulogne sur Mer,62321,Boulogne sur mer,,"['Maintenance', 'Matériel médical']","[196, 212]",non,non
121,20-59097,2020-05-02,2020-06-15,['62'],"Marché d'acquisition, de fourniture et pose de serrurerie ainsi que prestations de dépannage",joue,directive24,appeloffre,initial,CA DE BETHUNE BRUAY ARTOIS LYS ROMANE,62411,BETHUNE,,['Matériel électrique'],[203],non,non
122,20-58798,2020-05-02,2020-06-04,['63'],L'accord-cadre a pour objet le nettoyage des locaux (lot 1) et de la vitrerie (lot 2) du siège de la Caisse d'Allocations Familiales du Puy-de-Dôme et de ses 2 centres extérieurs.,joue,directive24,appeloffre,initial,CAF de Clermont-Ferrand,63032,Clermont ferrand cedex1,,"['Nettoyage de locaux', 'Vitrerie']","[239, 363]",oui,oui
123,20-58825,2020-05-02,2020-07-28,['63'],Services de transport de personnes - Exploitation de lignes régulières,joue,directive24,attribution,initial,REGIE T2C,63063,Clermont-Ferrand,"[('2020-02-27', 'Voyages Cheze Et Fils', (1257988.48, 'EUR'), 'Ligne régulière 35/36'), ('2020-02-27', 'cellier chevanet', (39723.22, 'EUR'), 'Ligne de nuit Ben'), ('2020-02-27', 'Keolis Loisirs Et Voyages', (42377.2, 'EUR'), 'Services partiels de la ligne 28')]",['Transport'],[347],oui,oui
124,20-59228,2020-05-02,2020-06-05,['64'],Fourniture d'articles spécifiques pour médiathèques - équipement des documents,joue,directive24,appeloffre,initial,CA PAU BEARN PYRENEES,64000,Pau Cedex,,['Equipements spécialisés'],[115],non,non
125,20-57708,2020-05-02,2020-05-25,['64'],mise à disposition d'agents ssiap pour le centre hospitalier de pau et d'agents de prévention et de sécurité (aps) pour le centre hospitalier des pyrénées,joue,directive24,appeloffre,initial,Centre Hospitalier de Pau,64046,Pau CEDEX,,"['Gardiennage', 'Surveillance', 'Mise à disposition de personnel']","[138, 331, 461]",non,non
126,20-59103,2020-05-02,2020-06-02,['64'],Prestations d'élagage et d'abattage d'arbres,joue,directive24,appeloffre,initial,Département des Pyrénées-Atlantiques,64058,Pau cedex 9,,['Espaces verts'],[116],non,oui
127,20-58919,2020-05-02,2020-06-30,['64'],Fourniture de produits de bactériologie - 18 lots,joue,directive24,attribution,initial,Centre hospitalier de la côte basque,64109,Bayonne cedex,,['Réactifs'],[301],non,non
128,20-58584,2020-05-02,2020-06-04,['64'],concours restreint de maîtrise d'oeuvre pour la troisième extension de la plateforme chemstart'up à lacq,joue,directive24,appeloffre,initial,Communauté de communes de Lacq-Orthez,64150,Mourenx,,"[""Maîtrise d'oeuvre""]",[197],non,non
129,20-59044,2020-05-02,2020-06-04,['66'],Achat Et Livraison De Masques Destines A La Protection Sanitaire Des Agents Du Departement Des Pyrenees Orientales,joue,directive24,appeloffre,initial,DEPARTEMENT DES PYRENEES-ORIENTALES,66906,Perpignan,,"['Matériel médical', 'Sanitaire']","[212, 319]",non,non
130,20-59043,2020-05-02,2020-06-04,['66'],Achat Et Livraison De Materiels Destines A La Protection Sanitaire Des Agents Du Departement Des Pyrenees Orientales,joue,directive24,appeloffre,initial,DEPARTEMENT DES PYRENEES-ORIENTALES,66906,Perpignan,,"['Matériel médical', 'Sanitaire']","[212, 319]",non,non
131,20-58726,2020-05-02,2020-06-16,['67'],Impression du magazine municipal et du magazine métropolitain ainsi que de leurs suppléments,joue,directive24,appeloffre,initial,VILLE DE STRASBOURG,67076,STRASBOURG CEDEX,,"['Publicité, Communication']",[285],non,non
132,20-59065,2020-05-02,2020-06-11,['67'],Acquisition d'un équipement de prototypage rapide multi-matériaux (imprimante 3D) pour la plateforme IRIS du laboratoire ICube,joue,directive24,appeloffre,initial,Université de Strasbourg,67081,Strasbourg cedex,,['Equipements spécialisés'],[115],non,non
133,20-59198,2020-05-02,2020-06-03,['67'],"Fourniture d'un bras robotisé pour la stéréotaxie en neurochirurgie, des consommables associés et de la maintenance",joue,directive24,appeloffre,initial,HOPITAUX UNIVERSITAIRES DE STRASBOURG,67091,Strasbourg cedex,,['Matériel médical'],[212],non,non
134,20-58857,2020-05-02,2020-05-11,['67'],construction d'un bateau electrique à passagers de pré-série (rectificatif),joue,autre,rectificatif,rectificatif,Port Autonome de Strasbourg,67100,STRASBOURG,,['Construction navale'],[70],non,non
135,20-59183,2020-05-02,2020-07-30,['68'],"Prestations de courriers recommandés : édition à partir de flux électroniques, mise sous-pli, affranchissement et envoi, traitement des retours et archivages",joue,directive24,appeloffre,initial,CPAM du Haut-Rhin,68022,Colmar CEDEX,,['Prestations de services'],[274],non,non
136,20-58963,2020-05-02,2020-06-02,['15'],Services de transports scolaires dans le cantal - 2 lots (S2003 et S2344),joue,directive24,appeloffre,initial,REGION AUVERGNE RHONE ALPES,69269,Lyon,,['Transport'],[347],non,non
137,20-58982,2020-05-02,2020-06-05,"['69', '75']",Mise à disposition de données de santé à caractère personnel dans le cadre de sécurité exigé par l'ATIH et par le référentiel de sécurité du SNDS,joue,directive24,appeloffre,initial,ATIH,69329,Lyon cedex 03,,['Informatique (prestations de services)'],[163],non,non
138,20-58701,2020-05-02,2020-06-30,['13'],ISP- ISTRES (13) - BA 125 - Construction d'un cynogroupe - Concours MOP sur APS pour la réalisation d'un chenil (ESID 19 031 - COSI 441824),joue,directive24,attribution,initial,DRSID Lyon,69347,Lyon cedex 07,,['Prestations de services'],[274],non,non
139,20-58685,2020-05-02,2020-07-01,['83'],Fréjus (83) - Quartier Lecocq - 21e RIMa - Installation technique pour accueil VBMR,joue,directive24,appeloffre,initial,DRSID Lyon,69347,Lyon cedex 07,,"['Electricité (travaux)', 'Gros oeuvre', 'Terrassement', ""Tous corps d'état""]","[105, 144, 341, 345]",oui,oui
140,20-59194,2020-05-02,2020-08-02,"['84', '13']","Conception, construction, aménagement entretien et maintenance en vue de l'Accueil d'un escadron rafale à ORANGE (84) - Base Aérienne 115 - Quartier Capitaine de Seynes",joue,autre,rectificatif,rectificatif,DRSID Lyon,69347,Lyon Cedex 07,,"[""Tous corps d'état""]",[345],non,non
141,20-58894,2020-05-02,2020-06-08,['69'],Travaux de maçonnerie et d'installations de chantier dans le cadre de la réhabilitation du site universitaure des Quais,joue,directive24,appeloffre,initial,CUE - Université de Lyon,69361,Lyon cedex 07,,['Bâtiment'],[33],non,non
142,20-59188,2020-05-02,2020-06-30,['69'],Location et la maintenance d'une solution d'impression au profit du Groupement de Soutien de la Base de Défense de Lyon Mont-Verdun.,joue,directive24,attribution,initial,MINARM/EMA/SCA/PFAF-CE/BAP,69362,Lyon cédex 07,"[('2020-02-25', 'SHARP BUSINESS SYSTEMS FRANCE SAS', (29187, 'EUR'), ""Location et la maintenance d'une solution d'impression au profit du Groupement de Soutien de la Base de Défense de Lyon Mont-Verdun."")]",['Impression'],[160],non,oui
143,20-58409,2020-05-02,2020-06-15,['69'],"lyon 7ème - projet urbain et durable de gerland - mission d'études, d'expertise et de conseil pour le suivi de la mise en oeuvre du plan guide",joue,directive24,appeloffre,initial,Métropole de Lyon,69505,Lyon Cedex 03,,"['Etude', 'Prestations de services', 'Ingénierie']","[118, 274, 455]",non,non
144,20-55984,2020-05-02,2020-06-08,['69'],Equipement et exploitation du parc de stationnement de surface sis rue du vercors à lyon 7ème,joue,directive24,appeloffre,initial,Métropole de Lyon,69505,Lyon cedex 03,,['Prestations de services'],[274],non,non
145,20-58667,2020-05-02,2020-05-26,['71'],"Services de téléphonie fixe, mobile et M2M",joue,autre,rectificatif,rectificatif,Conseil Général de Saône-et-Loire,71026,Mâcon Cedex 9,,['Prestations de services'],[274],non,non
146,20-59235,2020-05-02,2020-06-29,['73'],Construction d'un centre de bien-être et d'une salle des fêtes à Saint Martin de Belleville,joue,autre,rectificatif,rectificatif,Ville Les Belleville,73440,Les Belleville,,"['Charpente', 'Gros oeuvre', 'Peinture (travaux)', 'Piscine', 'Terrassement']","[57, 144, 264, 265, 341]",non,non
147,20-59042,2020-05-02,2020-06-02,['74'],Acquisition de matériels et de logiciels informatiques hors serveurs 2020-2024,joue,directive24,appeloffre,initial,GRAND ANNECY,74007,Annecy,,['Informatique (matériel)'],[162],non,non
148,20-59146,2020-05-02,2020-07-28,['74'],"Fourniture de denrées alimentaires à haute performance en matière de développement des approvisionnements directs des produits issus de l'agriculture : Lait, produits laitiers et f",joue,directive24,attribution,initial,Ville d'Annecy,74011,Annecy,"[('2020-04-22', 'gaec la foret du rhone', (64000, 'EUR'), 'Yaourt brassé en seau'), ('2020-04-22', ""Coopérative Fruitière du Val d'Arly"", (20000, 'EUR'), 'Faisselles en pots individuels'), ('2020-04-22', 'gaec la foret du rhone', (64000, 'EUR'), 'Lait pasteurisé'), ('2020-04-27', 'Gaec Les Noisetiers', (112000, 'EUR'), 'Abondance fermier Aop')]","['Denrées alimentaires', ""Produits de l'agriculture""]","[88, 276]",non,oui
149,20-59218,2020-05-02,2020-06-29,['74'],Concession de service public pour la gestion et l'exploitation de l'aéroport Annecy-Meythet,joue,directive23,appeloffre,initial,Département de la Haute-Savoie,74041,Annecy,,['Aéronautique'],[4],non,non
150,20-28100,2020-05-02,2020-06-05,['74'],Expositions temporaires du palais lumière et de la maison gribaldi - accords-cadres pour la coédition des catalogues d'exposition et le transport d'oeuvres d'art et de matériel,joue,directive24,appeloffre,initial,Ville d'Evian-les-Bains,74200,Evian-les-Bains,,"['Edition', ""Oeuvre d'art"", 'Transport']","[104, 247, 347]",non,non
151,20-59167,2020-05-02,2020-06-25,['74'],Fournitures scolaires,joue,directive24,appeloffre,initial,Commune de Thonon-les-Bains,74203,Thonon les bains cedex,,['Articles de bureau et articles scolaires'],[16],non,non
152,20-58971,2020-05-02,2020-06-09,['74'],Renouvellement du contrat de maintenance du dispositif de vidéo-protection urbaine,joue,directive24,appeloffre,initial,COMMUNE DE GAILLARD,74240,Gaillard,,"['Maintenance', 'Télésurveillance']","[196, 415]",non,non
153,20-48235,2020-05-02,2020-06-30,['74'],"accord-cadre de fourniture en électricité des bâtiments et équipements de la ville, du ccas et de l'ot (bâtiments / branchements supérieurs à 36 kva)",joue,directive24,attribution,initial,Ville d'Evian-les-Bains,74502,Evian-les-Bains Cedex,,"['Electricité, gaz (fourniture)']",[443],non,oui
154,20-59139,2020-05-02,2020-06-15,['74'],Réhabilitation du site de Rochexpo avec création d'une halle d'exposition,joue,directive24,appeloffre,initial,Ville de la Roche sur Foron,74805,La Roche Sur Foron,,['Bâtiment'],[33],non,non
155,20-58990,2020-05-02,2020-06-30,['74'],Fourniture d'un fourgon de sauvetage déblaiement 4x4,joue,directive24,attribution,initial,SCE DEPARTEMENTAL INCENDIE ET SECOURS,74960,Annecy,,"[""Matériel de secours et d'incendie"", 'Sécurité incendie', 'Véhicules (acquisition)']","[217, 332, 475]",non,non
156,20-58700,2020-05-02,2020-07-15,['75'],Accompagnement à l'élaboration de scénarii d'optimisation de la logistique hospitalière,joue,directive24,appeloffre,initial,"Ministères santé, travail et sport",75007,Paris,,['Etude'],[118],non,non
157,20-59224,2020-05-02,2020-06-02,['75'],Réalisation des travaux de scénographie de l'exposition Jeans,joue,directive24,appeloffre,initial,EPPDCSI,75008,Paris,,"['Cloison, faux plafond', 'Menuiserie', 'Prestations de services', 'Revêtements de sols']","[63, 222, 274, 308]",non,non
158,20-59153,2020-05-02,2020-05-28,"['75', '92', '93', '94', '78', '95']",Maintenance et petits travaux sur les équipements électriques et d'automatisme des installations du SIAAP,joue,autre,rectificatif,rectificatif,SIAAP,75012,Paris,,['Maintenance'],[196],non,non
159,20-58764,2020-05-02,2020-05-28,"['75', '92', '93', '94', '78', '95']",Travaux d'amélioration et de modification des équipements électriques et d'automatisme des installations du SIAAP,joue,autre,rectificatif,rectificatif,SIAAP,75012,Paris,,"['Automatisation', 'Electricité (travaux)']","[14, 105]",non,non
160,20-58945,2020-05-02,2020-05-12,['75'],"Fourniture de bordures et pierres pour le prolongement du tramway T3 de la porte d'Asnières (Paris, 17ème) à la porte Dauphine (Paris, 16ème)",joue,autre,rectificatif,rectificatif,Ville de Paris,75013,Paris,,['Matériaux routiers'],[199],non,non
161,20-59299,2020-05-02,2020-06-30,['75'],Accord-cadre d'Assistance à Maîtrise d'Ouvrage en 4 lots séparés pour la programmation architecturale et technique sur des opérations de construction et de restructuration lourde de bâtiment,joue,directive24,attribution,initial,Ville de Paris,75013,Paris,,"[""Assistance à maîtrise d'ouvrage""]",[433],non,non
162,20-59093,2020-05-02,2020-06-09,"['75', '2', '60']","Accords-cadres à bons de commande de prestations de diagnostics et préconisations structures pour la Ville de Paris et l'Etablissement Public Paris Musées (EPPM), en 3 lots.",joue,directive24,appeloffre,initial,Ville de Paris,75013,Paris,,"['Bâtiment', 'Contrôle technique']","[33, 72]",oui,oui
163,20-58689,2020-05-02,2020-06-16,['75'],Fourniture et livraison de papiers à dessin à usage scolaire pour les établissements de la Ville de Paris,joue,directive24,appeloffre,initial,Ville de Paris,75013,Paris,,['Articles de bureau et articles scolaires'],[16],non,oui
164,20-58893,2020-05-02,2020-05-30,['75'],Restauration collective pour les structures médico-sociales et sanitaires du GHU Paris Psychiatrie & Neurosciences sur le site de Perray-Vaucluse,joue,directive24,attribution,initial,CENTRE HOSPITALIER SAINTE ANNE PARIS,75014,Paris,"[('2019-05-06', 'COMPASS GROUPE FRANCE / MEDIREST', (1081800, 'EUR'), 'Restauration collective pour les structures médico-sociales et sanitaires du GHU Paris Psychiatrie & Neurosciences sur le site de Perray-Vaucluse')]","['Restauration collective', 'Equipements spécialisés']","[66, 115]",non,oui
165,20-58918,2020-05-02,2020-06-29,"['75', '93']",Prestations relatives à l'activité notariale dans le périmètre des ORCOD-IN pilotées par l'EPFIF,joue,directive24,appeloffre,initial,EPF Ile de France,75014,Paris,,['Prestations de services'],[274],non,non
166,20-58489,2020-05-02,2020-07-10,['75'],"réalisation de prestations d'accompagnement stratégique, organisationnelle, technique, opérationnelle et de gestion de projet pour la production informatique nationale",joue,directive24,attribution,initial,Ministère de l'éducation nationale,75015,Paris,"[('2020-03-16', 'Sia Partners', (2200000, 'EUR'), None), ('2020-02-18', 'Atos Infogérance', (7500000, 'EUR'), None)]",['Informatique (prestations de services)'],[163],oui,non
167,20-59074,2020-05-02,2020-05-29,"['75', '93']","Fourniture, entretien des équipements et collecte des déchets ménagers assimilés des activités commerciales et d'ordures ménagères",joue,autre,rectificatif,rectificatif,PORT AUTONOME DE PARIS,75015,Paris,,['Ordures ménagères (prestations)'],[249],non,non
168,20-59230,2020-05-02,2020-06-05,['75'],Prestations de recrutement / Chasse de tête et de management de transition,joue,directive24,appeloffre,initial,CCI Paris Ile-de-France,75017,Paris,,"['Prestations de services', 'Mise à disposition de personnel']","[274, 461]",non,non
169,20-59100,2020-05-02,2020-06-04,['75'],"Maintenance de l'application Micro-Folie et développements applicatifs, assistance informatique et aide à l'installation du Musée numérique",joue,directive24,appeloffre,initial,EPPGHV,75019,Paris,,"['Informatique (prestations de services)', 'Prestations de services', 'Informatique (assistance)']","[163, 274, 453]",non,non
170,20-59320,2020-05-02,2020-09-05,['75'],PRESTATION DE SERVICE DE RELATIONS MEDIA PRESSE DU PALAIS DE TOKYO,joue,autre,rectificatif,rectificatif,PALAIS DE TOKYO,75116,Paris,,['Prestations de services'],[274],non,non
171,20-59181,2020-05-02,2020-05-29,['75'],"Fourniture et livraison de pièces de rechange, accessoires, équipements de signalisation sonores et lumineux",joue,autre,rectificatif,rectificatif,Préfecture de police DFCPP BCP,75195,Paris cedex 04,,['Signalisation'],[322],non,oui
172,20-58805,2020-05-02,2020-06-30,['75'],"Conservation, gestion et communication d'archives audiovisuelles du Sénat.",joue,directive24,attribution,initial,SENAT,75291,Paris cedex 06,,['Prestations de services'],[274],non,non
173,20-59295,2020-05-02,2020-07-15,['75'],Location et entretien de textiles professionnels,joue,directive24,appeloffre,initial,SPM - DSAF - BCP,75334,Paris cédex 07,,['Blanchissage'],[36],oui,oui
174,20-58118,2020-05-02,2020-06-09,['75'],Maintien en condition opérationnelle des avions CASA du ministère des Armées.,joue,directive81,appeloffre,initial,MINARM/DMAé,75509,Paris cedex 15,,['Aéronautique'],[4],non,non
175,20-59084,2020-05-02,2020-06-30,['75'],""" Prévention et opération d'incendie et de secours"" organisées pour le compte des délégations Première et Grande couronne Ile-de-France du CNFPT",joue,directive24,attribution,initial,CNFPT,75578,Paris cedex 12,"[('2020-03-18', 'FORMATION PREVENTION SECURITE GENERALE FPSG', (809600, 'EUR'), 'Lutte incendie'), ('2020-03-24', 'SOFIS SAS', (384000, 'EUR'), 'Sécurité ERP'), ('2020-03-18', 'FORMATION PREVENTION SECURITE GENERALE FPSG', (564000, 'EUR'), ""Service Sécurité Incendie et d'Assistance à Personnes - SSIAP 1"")]",['Formation'],[410],non,oui
176,20-59155,2020-05-02,2020-06-30,['75'],""" Espaces verts "" délégation du Centre-Val de Loire du CNFPT.",joue,directive24,attribution,initial,CNFPT,75578,Paris cedex 12,,['Formation'],[410],non,oui
177,20-58846,2020-05-02,2020-05-26,['75'],Regroupement des services de neurologie à Castaigne,joue,autre,rectificatif,rectificatif,ASSISTANCE PUBLIQUE HOPITAUX DE PARIS,75651,Paris cedex 13,,"[""Tous corps d'état""]",[345],non,non
178,20-58678,2020-05-02,2020-06-16,['75'],MB20200421,joue,directive24,appeloffre,initial,Ministère de l'Interieur DSIC/SDAGA/BA,75800,Paris cedex 08,,['Informatique (prestations de services)'],[163],non,oui
179,20-58991,2020-05-02,2020-06-15,['75'],Prestations d'hébergement du site ameli.fr et autres sites produits par la direction de l'information et de la communication de la Cnam,joue,directive24,appeloffre,initial,CNAMTS,75986,Paris,,['Informatique (prestations de services)'],[163],non,non
180,20-59250,2020-05-02,2020-05-11,"['76', '14', '27']","CONCESSION DE SERVICE POUR L'EXPLOITATION DES INSTALLATIONS DE SERVICES FERROVIAIRES (GRILL, PALOMA, BATIMENT MULTI SERVICES)",joue,autre,rectificatif,rectificatif,GPMH au Havre,76067,Le havre cedex,,['Transport'],[347],non,non
181,20-58744,2020-05-02,2020-06-05,['76'],étude géotechnique et pollution des sols sur les anciennes décharges de Dollemard,joue,autre,rectificatif,rectificatif,Ville du Havre,76084,Le Havre,,['Etude'],[118],non,non
182,20-59280,2020-05-02,2020-05-14,['76'],Travaux d'entretien de revêtements de voirie sur le domaine à caractère public de la Communauté Le Havre Seine Métropole,joue,autre,rectificatif,rectificatif,LE HAVRE SEINE METROPOLE,76085,Le Havre,,['Revêtements de sols'],[308],non,non
183,20-58949,2020-05-02,2020-05-29,['76'],Fournitures de denrées alimentaires pour le Département de la Seine-Maritime,joue,autre,rectificatif,rectificatif,Département de Seine-Maritime,76101,Rouen Cedex,,['Denrées alimentaires'],[88],non,oui
184,20-56867,2020-05-02,2020-06-15,"['76', '27', '28', '37', '14', '50', '60', '61', '80']",réalisation de travaux d'entretien spécialisé ou de remplacement de joints de dilatation sur ouvrages d'art situés sur le réseau national non-concédé et gérés par la DIRNO,joue,directive24,attribution,initial,DIR-NORD-OUEST,76175,ROUEN cedex 1,,['Voirie'],[365],non,oui
185,20-59068,2020-05-02,2020-06-02,['77'],Marché Global de Performance (MGP) pour l'extension et la réhabilitation du bâtiment de la Direction des Archives Départementales (DAD) à DAMMARIE-LES-LYS.,joue,autre,rectificatif,rectificatif,Département de Seine-et-Marne,77010,Melun cedex,,['Bâtiment'],[33],oui,oui
186,20-58989,2020-05-02,2020-06-05,['77'],"Maintenance préventive et curative, interventions d'urgence, installation et mise aux normes des feux tricolores, des éclairages publics ou autres installations électriques",joue,directive24,attribution,initial,Conseil général de Seine-et-Marne,77010,Melun cedex,"[('2020-03-12', 'EIFFAGE ENERGIE SYSTEMES-IDF', (2000000, 'EUR'), ""Marché no2020-SP02 - Maintenance préventive et curative, interventions d'urgence, installation et mise aux normes des feux tricolores, des éclairages publics ou autres installations électriques"")]","['Maintenance', 'Voirie']","[196, 365]",non,non
187,20-58725,2020-05-02,2020-06-20,['77'],"Fourniture, gestion et suivi de la livraison d'abonnements aux journaux, périodiques sur tout support y compris en format numérique et la fourniture de spécimens à la demande.",joue,directive24,attribution,initial,Département de Seine-et-Marne,77010,Melun,"[('2020-04-07', 'SAS France PUBLICATIONS', (760000, 'EUR'), ""Fourniture, gestion et suivi de la livraison d'abonnements aux journaux, périodiques sur tout support y compris en format numérique et fourniture de spécimens à la demande"")]","['Abonnement', 'Prestations de services']","[2, 274]",non,non
188,20-58829,2020-05-02,2020-06-30,['77'],Entretien et remplacement de matériel de plomberie,joue,directive24,attribution,initial,OPH de Coulommiers,77120,Coulommiers,"[('2020-04-27', 'SOCIETE LA LOUISIANE', (330000, 'EUR'), 'Entretien et remplacement de matériel de plomberie')]","['Plomberie (travaux)', 'Prestations de services']","[270, 274]",non,non
189,20-59102,2020-05-02,2020-06-01,"['75', '6', '34', '64', '33', '69', '44', '80', '68']",Réalisation des analyses de prélèvements d'air dans le cadre de la campagne nationale logements (cnl2) de l'OQAI 2020-2022,joue,autre,rectificatif,rectificatif,C.S.T.B.,77421,Marne-la-Vallée Cedex 2,,"['Analyses médicales, biologiques', 'Prestations de services']","[8, 274]",non,non
190,20-59244,2020-05-02,2020-06-01,['77'],Restauration scolaire pour les écoles maternelles et primaires,joue,directive24,appeloffre,initial,Ville de Provins,77487,Provins cedex,,['Restauration collective'],[66],oui,non
191,20-59296,2020-05-02,2020-07-04,['77'],Nettoyage des bâtiments communaux de la ville de Bussy Saint-Georges,joue,directive24,appeloffre,initial,COMMUNE DE BUSSY ST GEORGES,77600,Bussy st georges,,['Nettoyage de locaux'],[239],non,non
192,20-58889,2020-05-02,2020-07-28,['77'],Realisation De Missions De Coordination En Matiere De Securite Et De Protection De La Sante Pour Les Besoins De La Camg,joue,directive24,attribution,initial,COMMUNAUTE D AGGLO MARNE ET GONDOIRE,77603,Marne La Vallee,"[('2020-04-29', 'Herve Cerles Conseil', (500000, 'EUR'), None)]",['Prestations de services'],[274],non,non
193,20-59157,2020-05-02,2020-05-30,['78'],Travaux d'entretien des réseaux d'évacuation (avec curage et détartrage) avec garantie d'écoulement sur le patrimoine de Versailles Habitat,joue,directive24,attribution,initial,OPH Versailles Habitat,78000,Versailles,"[('2020-04-29', 'ISS Hygiène et Prévention', (400000, 'EUR'), ""Travaux d'entretien des réseaux d'évacuation (avec curage et détartrage) avec garantie d'écoulement sur le patrimoine de VH"")]",['Prestations de services'],[274],non,non
194,20-59051,2020-05-02,2020-05-18,['78'],mission d'assistance générale de maîtrise d'oeuvre dans le cadre de la mise en place de solutions de sûreté électronique destinées à la sécurisation de biens et de personnes,joue,autre,rectificatif,rectificatif,Conseil départemental des Yvelines,78012,Versailles,,['Prestations de services'],[274],non,non
195,20-59212,2020-05-02,2020-06-08,['78'],"Collecte, traitement, reconditionnement de déchets d'équipements électriqueset électroniques et achat de matériel",joue,directive24,appeloffre,initial,Conseil départemental des Yvelines,78012,Versailles,,"['Consommables informatiques', 'Informatique (matériel)']","[68, 162]",non,non
196,20-58734,2020-05-02,2020-07-25,"['92', '78', '75']",CLAMART (92) - ILOT PERCY - Changement du réseau ECS du monobloc- Marché de maîtrise d'oeuvre.,joue,directive24,appeloffre,initial,ESID IDF,78102,Saint germain en laye cedex,,['Prestations de services'],[274],non,oui
197,20-59018,2020-05-02,2020-07-04,"['60', '75', '80']",CREIL (60)-Base de défense de Creil-Zone Sud-Maintien en condition opérationnelle des équipements technique.,joue,directive24,appeloffre,initial,ESID IDF,78102,Saint germain en laye cedex,,"['Maintenance', 'Prestations de services']","[196, 274]",non,oui
198,20-58968,2020-05-02,2020-06-05,"['75', '37']",Fabrication et réparation de maquettes au profit de diverses entités du Ministère des Armées,joue,directive24,appeloffre,initial,MINDEF/EMA/SCA/PFAF-IDF,78102,Saint-germain-en-laye cedex,,['Prestations de services'],[274],non,non
199,20-59245,2020-05-02,2020-06-02,['78'],Exploitation du parc de rabattement de la Ville de Houilles,joue,directive24,appeloffre,initial,Ville de Houilles,78800,Houilles,,['Prestations de services'],[274],non,non
200,20-59404,2020-05-02,2020-07-29,['83'],AVIS ATTRIBUTION DU MARCHE 85RL20-Achat de 180 000 masques de protection en tissu lavable dans le cadre de la pandémie du COVID 19,fns,cmp2006,attribution,initial,Métropole Toulon Provence Méditerranée,83041,TOULON,,['Hygiène (articles)'],[153],non,non
201,20-58540,2020-05-02,2020-07-29,['83'],19four21 - fourniture de petits materiels electriques sur l'ensemble du territoire de la metropole toulon provence mediterranee (rectificatif),joue,autre,rectificatif,rectificatif,Métropole Toulon Provence Méditerranée,83041,Toulon,,['Matériel électrique'],[203],non,non
202,20-59143,2020-05-02,2020-07-28,['83'],"19four25 - Accord-Cadre A Bons De Commandes Fourniture De Pieces Detachees De Rechange Et D'Accessoires, Pour L'Entretien Des Engins De Nettoiement Pour Le Territoire Metropolitain",joue,directive24,attribution,initial,Métropole Toulon Provence Méditerranée,83041,Toulon,"[('2020-04-22', 'easyvoirie', (28500.58, 'EUR'), 'Fourniture de pièces détachées captives de rechange pour engins de nettoiement de marque "" Schmidt ""'), ('2020-04-20', 'semat', (11961.81, 'EUR'), 'Fourniture de pièces détachées captives de rechange pour engins métiers (nettoiement et collecte) de marque "" Semat ""'), ('2020-04-20', 'Sovb', (13109.48, 'EUR'), 'Fourniture de balais mécaniques adaptables pour engins de nettoiement toutes marques confondues')]","['Nettoyage urbain', 'Pièces détachées']","[240, 266]",non,non
203,20-55849,2020-05-02,2020-07-22,['83'],19serv27 accord-cadre de prestations de nettoyage mécanisé du centre-ville et du quartier de la gare du territoire métropolitain d'ollioules (rectificatif),joue,autre,rectificatif,rectificatif,Métropole Toulon Provence Méditerranée,83041,Toulon,,['Nettoyage urbain'],[240],non,non
204,20-58702,2020-05-02,2020-06-03,['83'],accord cadre mono attributaire missions d'études et de maîtrise d'oeuvre pour la mise en place des dispositions du papi sur le territoire du syndicat (rectificatif),joue,autre,rectificatif,rectificatif,SM DE LA REPPE GD VALLAT SES AFFLUENTS,83112,sanary sur mer,,"['Etude', ""Maîtrise d'oeuvre""]","[118, 197]",non,non
205,20-59325,2020-05-02,2020-06-30,"['84', '30']","Location de contenants, collecte, transport, traitement des déchets ménagers, biodéchets, déchets non dangereux et dangereux, médicaments périmés et DASRI, au profit des BdD de NLL et STC (4 lots)",joue,directive24,attribution,initial,MINDEF / EMA / DC SCA / PFAF SE,83800,Toulon cedex 09,"[('2020-03-11', 'Société Nimoise de Nettoiement SARL', (410314.12, 'EUR'), 'Location de contenants, collecte, transport et traitement des déchets ménagers, des biodéchets, des déchets non dangereux avec collecte séparée au profit de la BdD de Nîmes-Laudun-Larzac'), ('2020-03-11', 'TRIADIS SERVICES', (26829.16, 'EUR'), 'Location de contenants, collecte, transport et traitement des déchets dangereux au profit de la BdD de Nîmes-Laudun-Larzac'), ('2020-03-11', 'PROXI RECYCL (franchisé clikeco)', (2232, 'EUR'), ""Location de contenants, collecte, transport et traitement des déchets médicaux, médicaments et déchets d'activités de soins à risques infectieux (DASRI) au profit de la BdD de Nîmes-Laudun-Larzac""), ('2020-03-11', 'CHIMIREC SOCODELI', (11300, 'EUR'), 'Location de contenants, collecte, transport et traitement des déchets dangereux au profit de la BdD de St Christol')]",['Prestations de services'],[274],non,oui
206,20-58942,2020-05-02,2020-05-28,"['83', '13', '75', '6', '92']","Il s'agit de réaliser des prestations d'accueil et de contrôle d'accès, de surveillance et de gardiennage, de secours aux personnes, de sécurité incendie et de protection de l'envi",joue,directive81,appeloffre,initial,MINDEF / EMA / DC SCA / PFAF SE,83800,Toulon,,"[""Contrôle d'accès"", 'Surveillance', 'Sécurité incendie']","[81, 331, 332]",non,non
207,20-59276,2020-05-02,2020-06-08,['84'],Acquisition de véhicules électriques pour la desserte de l'intramuros d'Avignon,joue,directive24,appeloffre,initial,GRAND AVIGNON,84911,Avignon,,['Véhicules (acquisition)'],[475],non,non
208,20-58868,2020-05-02,2020-05-30,['85'],"SECURITE ET GARDIENNAGE SUR LES VILLAGES DEPART, COURSE ET ARRIVEES DU VENDEE GLOBE 2020-2021 AUX SABLES D'OLONNE",joue,directive24,appeloffre,initial,VENDEE,85000,La Roche sur Yon,,['Prestations de services'],[274],non,non
209,20-57940,2020-05-02,2020-06-12,['85'],"mise à disposition de contenants, transport et traitement des déchets végétaux et des souches issus des déchèteries de vendée",joue,directive24,appeloffre,initial,Syndicat Trivalis,85015,La Roche-sur-Yon,,"['Ordures ménagères (prestations)', 'Transport']","[249, 347]",non,non
210,20-58732,2020-05-02,2020-05-30,['85'],ACHEMINEMENT ET FOURNITURE D'ÉLECTRICITÉ,joue,directive24,attribution,initial,SYND DEP D ENERGIE ET D EQPT DE VENDEE,85036,La Roche sur Yon,"[('2020-04-10', 'Accord-cadre pluri-titulaires', (32000000, 'EUR'), ""Acheminement et fourniture d'électricité pour les points de livraison des membres du groupement."")]","['Electricité, gaz (fourniture)']",[443],non,non
211,20-58947,2020-05-02,2020-06-30,['85'],Acheminement et fourniture de gaz naturel,joue,directive24,attribution,initial,SYND DEP D ENERGIE ET D EQPT DE VENDEE,85036,La Roche sur Yon,"[('2020-04-10', 'accord-cadre pluri-titulaires', (20000000, 'EUR'), ""Acheminement et fourniture de gaz naturel pour les points d'estimation et de comptage des membres du groupement."")]","['Electricité, gaz (fourniture)']",[443],non,non
212,20-59251,2020-05-02,2020-06-16,['85'],"Mise à disposition de contenants divers, collecte, transport et traitement des déchets des établissements membres du groupement de commandes coordonné par le CHD Vendée.",joue,directive24,appeloffre,initial,CHD VENDEE,85925,La roche sur yon cedex 9,,['Déchets non ménagers (prestations)'],[404],non,oui
213,20-59191,2020-05-02,2020-05-30,['86'],"2 camions (châssis cabine de PTAC inf ou égal 3.5 tonnes avec grue et benne), affectés aux centres d'exploitation Eaux de Vienne de Montmorillon et Châtellerault",joue,directive24,appeloffre,initial,Eaux de Vienne - Siveer,86000,Poitiers,,"['Benne', 'Matériel de travaux publics', 'Véhicules', 'Véhicules (acquisition)']","[34, 220, 359, 475]",non,non
214,20-58837,2020-05-02,2020-05-27,['86'],Réapprovisionnement magasin général 2020,joue,directive24,attribution,initial,CA DE GRAND CHATELLERAULT,86100,Châtellerault,,"['Assainissement', 'Chaussures ou articles chaussants', 'Equipements spécialisés', 'Lubrifiants', 'Matériaux de construction', 'Matériaux routiers', 'Matériel de travaux publics', 'Mobilier urbain', 'Peinture (fourniture)', 'Pièces détachées', 'Pneumatiques', 'Produits des industries diverses', 'Revêtements de sols', 'Signalisation', 'Signalétique']","[18, 79, 115, 187, 198, 199, 220, 231, 263, 266, 271, 279, 308, 322, 333]",non,non
215,20-58227,2020-05-02,2020-06-02,['88'],Acquisition de postes de travail informatiques pour le Conseil Départemental des Vosges,joue,directive24,appeloffre,initial,Conseil Départemental des Vosges,88088,Epinal Cedex 09,,"['Consommables informatiques', 'Informatique (matériel)']","[68, 162]",non,oui
216,20-58962,2020-05-02,2020-06-08,"['88', '52', '54', '55', '57']","Marché public d'exploitation des installations de génie climatique, chauffage, ventilation et ECS.",joue,directive24,appeloffre,initial,EHPAD André BARBIER,88260,DARNEY,,"['Chauffage (exploitation, entretien)']",[59],non,non
217,20-59302,2020-05-02,2020-06-04,['88'],"Acquisition de véhicules, matériels et engins d'occasion",joue,directive24,appeloffre,initial,DEPARTEMENT DE L YONNE,89089,Auxerre cedex,,['Véhicules (acquisition)'],[475],non,non
218,20-59169,2020-05-02,2020-06-09,['91'],Plantation et entretien du patrimoine arboré,joue,directive24,appeloffre,initial,ville de Corbeil-Essonnes,91108,Corbeil essonnes cedex,,['Espaces verts'],[116],non,non
219,20-58721,2020-05-02,2020-06-08,['91'],Fourniture et mise en place de stores intérieurs,joue,directive24,appeloffre,initial,Télécom ParisTech,91120,Palaiseau,,"['Bâtiment', 'Occultation']","[33, 414]",non,non
220,20-58858,2020-05-02,2020-06-04,['91'],MX20-035,joue,directive24,appeloffre,initial,École Polytechnique,91128,Palaiseau cedex,,['Maintenance'],[196],non,non
221,20-59040,2020-05-02,2020-06-22,['91'],Etudes De Vulnérabilité De Sites A Enjeux Du Bassin Versant Orge-Yvette Concernant Les Inondations,joue,directive24,appeloffre,initial,SM AMENAGEMENT HYDRAULIQUE VAL YVETTE,91165,Saulx Les Chartreux,,"['Etude', 'Prestations de services']","[118, 274]",non,non
222,20-58712,2020-05-02,2020-06-15,['91'],schéma directeur d'assainissement du syndicat de l'orge bassin de collecte-épuration seine valenton,joue,directive24,appeloffre,initial,Syndicat de l'Orge (SYORP),91172,Viry-Châtillon Cedex,,"['Assainissement', 'Ingénierie']","[18, 455]",non,non
223,20-59420,2020-05-02,2020-07-02,['91'],Le marché est passé selon une procédure adaptée en application de l'article L. 2123-1 du Code de lacommande publique. Le marché a pour objet principal l'amélioration de la performance énerg,fns,cmp2006,appeloffre,initial,COMMUNE DE BRETIGNY SUR ORGE,91220,Bretigny-sur-orge,,['Bâtiment'],[33],non,non
224,20-58851,2020-05-02,2020-07-01,['91'],Prestation d'impression des supports d'information de la Ville de Montgeron,joue,directive24,attribution,initial,COMMUNE DE MONTGERON,91230,Montgeron,"[('2020-04-10', 'Desbouis Gresil', (480000, 'EUR'), 'Impression du magazine de la Ville et de ses suppléments'), ('2020-04-10', 'Desbouis Gresil', (40000, 'EUR'), ""Impression d'enveloppes et de papier à en-tête"")]",['Impression'],[160],non,oui
225,20-58765,2020-05-02,2020-05-30,['91'],Services de transport de personnes par car avec chauffeurs pour les services de la ville de Montgeron,joue,autre,rectificatif,rectificatif,COMMUNE DE MONTGERON,91230,Montgeron,,['Transport'],[347],non,non
226,20-59089,2020-05-02,2020-07-15,['92'],Fourniture de carburants et services connexes par cartes accréditives,joue,directive24,attribution,initial,Ville de Clamart,92140,Clamart,,"['Carburant, hydrocarbure', 'Carte magnétique, carte à puce']","[52, 403]",non,non
227,20-59202,2020-05-02,2020-06-30,['92'],MISSION DE MAITRISE D' OEUVRE ET D'O.P.C POUR LES TRAVAUX REHABILITATION PARTIELLE DU SITE DE L'INSTITUT NOTRE DAME D'ESPERANCE A AVRILLE (49),joue,directive24,attribution,initial,EPIDE,92247,Malakoff cedex,,"[""Maîtrise d'oeuvre"", 'Prestations de services']","[197, 274]",non,non
228,20-58934,2020-05-02,2020-06-05,['92'],Fourniture et livraison de prothèses dentaires pour le centre municipal de Santé Simon Veil,joue,directive24,appeloffre,initial,COMMUNE DE FONTENAY AUX ROSES,92260,Fontenay aux Roses,,['Prothèses'],[284],non,non
229,20-59263,2020-05-02,2020-06-01,['92'],Maintenance logicielle et matérielle de l'application de gestion des encaissements,joue,directive24,appeloffre,initial,INST NAT DE LA PROPRIETE INDUSTRIELLE,92677,Courbevoie cedex,,['Maintenance'],[196],non,non
230,20-58827,2020-05-02,2020-07-28,['92'],Prestation de nettoyage et d'entretien des écoles et accueils de loisirs de la ville de Colombes,joue,directive24,attribution,initial,Ville de Colombes,92700,Colombes,"[('2020-04-21', 'Groupe Labrenne', (499422, 'EUR'), None)]","['Nettoyage de locaux', ""Produits d'entretien""]","[239, 278]",non,non
231,20-59112,2020-05-02,2020-06-02,"['92', '75']","mission de maîtrise d'oeuvre pour l' "" opération transversale "" de modernisation des tunnels routiers de desserte de la défense (rectificatif)",joue,autre,rectificatif,rectificatif,PARIS LA DEFENSE,92932,Paris-la-Défense Cedex,,"[""Maîtrise d'oeuvre""]",[197],non,non
232,20-59150,2020-05-02,2020-07-02,['92'],Assistance et services informatiques de proximité,joue,directive24,appeloffre,initial,PARIS LA DEFENSE,92932,Paris la défense cedex,,"['Informatique (prestations de services)', 'Informatique (assistance)']","[163, 453]",non,non
233,20-58719,2020-05-02,2020-05-08,['93'],Entretien des espaces verts,joue,directive24,appeloffre,initial,Ville de Noisy-le-Grand,93160,Noisy-le-grand,,['Espaces verts'],[116],non,oui
234,20-59300,2020-05-02,2020-06-30,"['93', '75']",ASSISTANCE A L'ACTION FONCIERE DES EMPRISES NECESSAIRES AU RESEAU DE TRANSPORT PUBLIC DU GRAND PARIS. LIGNE 15 SUD : NOISY-CHAMPS/PONT DE SEVRES,joue,directive25,attribution,initial,Société du Grand Paris,93200,Saint-denis,,['Assistance juridique'],[434],non,non
235,20-59207,2020-05-02,2020-05-20,['93'],conception-réalisation d'environ 40 logements sociaux et un équipement à usage d'itep (rectificatif),joue,autre,rectificatif,rectificatif,OPH Plaine Commune Habitat,93200,SAINT DENIS,,['Bâtiment'],[33],oui,oui
236,20-59293,2020-05-02,2020-05-30,['93'],"REALISATION D'UNE SURVEILLANCE PRESSE, DE BILANS D'IMAGES ET MISE A DISPOSITION D'UN FICHIER PRESSE POUR L'AGENCE DE LA BIOMEDECINE",joue,directive24,attribution,initial,AGENCE DE LA BIOMEDECINE,93212,Saint-denis,"[('2020-04-24', 'Kantar Media', (419354.43, 'EUR'), ""Réalisation d'une surveillance presse quotidienne (écrite, audiovisuelle, web), réalisation de la revue depresse et de ses bilans d'image""), ('2020-04-24', 'Cision', (19600, 'EUR'), ""Mise à disposition d'un fichier presse"")]",['Prestations de services'],[274],non,non
237,20-46921,2020-05-02,2020-06-03,['93'],"bail pour les travaux d'entretien, de grosses reparations, de renovation et d'amenagement de la voirie communale de la ville de sevran et de ses dependances",joue,directive24,appeloffre,initial,Commune de Sevran,93270,Sevran,,['Voirie'],[365],non,non
238,20-59028,2020-05-02,2020-09-30,['93'],Entretien et réparation des aires de jeux,joue,directive24,appeloffre,initial,COMMUNE DE MONTFERMEIL,93370,Montfermeil,,['Aire de jeux'],[400],non,non
239,20-59149,2020-05-02,2020-06-04,"['93', '75']",Prospection téléphonique - Identification et orientation des jeunes repérés en situation de décrochage scolaire en Ile de France.,joue,directive24,appeloffre,initial,Conseil regional d'Ile de France,93400,Saint Ouen sur Seine,,"['Sondage, enquête']",[471],non,non
240,20-58773,2020-05-02,2020-06-01,"['75', '93']","Accord-cadre multi attributaires à bons de commande pour la réalisation travaux de revêtement de sols dans les E.P.L.E, les îles de loisirs et les autres bâtiments de la Région Ile de France.",joue,directive24,attribution,initial,REGION ILE DE FRANCE,93400,Saint ouen sur seine,,['Revêtements de sols'],[308],non,non
241,20-58623,2020-05-02,2020-06-22,"['94', '75', '59']",marché de travaux pour la construction du nouveau palais de justice de lille (59) (rectificatif),joue,autre,rectificatif,rectificatif,APIJ,94270,LE KREMLIN BICÊTRE,,"['Bâtiment', ""Tous corps d'état""]","[33, 345]",non,non
242,20-58944,2020-05-02,2020-06-30,['94'],"Appel d'offres ouvert pour les travaux de construction d'un programme immobilier de 310 logements, dont 93 logements sociaux, de 3 locaux d'activités et de 4 commerces.",joue,autre,rectificatif,rectificatif,SOC AMENAGEMENT DVLPT VILLE DEP VAL MA,94306,VINCENNES cedex,,['Bâtiment'],[33],non,non
243,20-58856,2020-05-02,2020-07-01,['94'],"Réalisation du diagnostic permanent, des zonages d'assainissement et élaboration de la base SIG pour le territoire de l'EPT GOSB.",joue,directive24,appeloffre,initial,GRAND ORLY SEINE BIEVRE,94398,Orly aérogares cedex,,['Ingénierie'],[455],non,non
244,20-58793,2020-05-02,2020-06-08,"['94', '75', '77', '91']",ENTRETIEN DES ESPACES VERTS ET NETTOIEMENT DE LA VOIRIE DU CIMETIERE,joue,directive24,appeloffre,initial,Synd. interc. du cimetière crematorium,94460,Valenton,,['Prestations de services'],[274],non,non
245,20-58993,2020-05-02,2020-05-18,"['94', '75', '77', '78', '91', '92', '93', '95']","Petits entretiens de voiries et réseaux divers, d'éclairage public et de signalisation lumineuse tricolore",joue,autre,rectificatif,rectificatif,COMMUNE DE VILLEJUIF,94807,Villejuif cedex,,['Voirie'],[365],non,non
246,20-59424,2020-05-02,2020-06-26,['95'],Mission d'étude urbaine pour la ville de Sarcelles,fns,cmp2006,appeloffre,initial,Ville de Sarcelles,95200,sarcelles,,['Etude'],[118],non,non
247,20-59001,2020-05-02,2020-06-15,['95'],MARCHE 10-20-25 : LOCATION LONGUE DUREE ET ENTRETIEN DES VEHICULES DU SIAH,joue,directive24,appeloffre,initial,SIAH des Vallées du Croult,95500,Bonneuil en France,,['Véhicules (location)'],[474],non,non
248,20-59109,2020-05-02,2020-05-26,['972'],marché public de services d'assurances pour le chu de martinique (rectificatif),joue,autre,rectificatif,rectificatif,CHU de Martinique,97261,Fort-de-France,,['Assurance'],[20],non,non
249,20-59199,2020-05-02,2020-06-04,"['972', '971']",ACQUISITION ET LIVRAISON DE MOBILIERS DES FAMILLES,joue,directive24,appeloffre,initial,DICOM/A/DSL,97261,Fort de france cedex,,['Mobilier'],[230],non,non
250,20-59185,2020-05-02,2020-07-01,"['973', '971', '972']",SAINT LAURENT DU MARONI (973) - RSMA GY - Quartier NEMO - CONSTRUCTION D'UN NOUVEL ENSEMBLE ALIMENTATION LOISIRS,joue,autre,rectificatif,rectificatif,REGIMENT DU SERVICE MILITAIRE ADAPTE,97320,St laurent du maroni,,['Prestations de services'],[274],non,non
251,20-58974,2020-05-02,2020-06-03,['974'],Marché de travaux pour la réhabilitation et l'extension du collège de la Chaloupe sur le commune de Saint-Leu - Relance du lot 2'Gros oeuvre' (suite à la défaillance de l'entrepris,joue,autre,rectificatif,rectificatif,Département de la Réunion,97400,Saint-Denis,,['Bâtiment'],[33],non,non
252,20-59165,2020-05-02,2020-06-15,['974'],"Prestations de transport de produits sanguins labiles, de prélèvements biologiques et de divers produits de santé pour le compte du Ght de la Réunion",joue,directive24,appeloffre,initial,CHU DE LA REUNION,97400,Saint Denis,,"['Prestations de services', 'Transport']","[274, 347]",non,oui
253,20-58960,2020-05-02,2020-06-03,['974'],"location, traitement et transports de linge plats de l'ehpad",joue,directive24,appeloffre,initial,CCAS de Saint André,97440,SAINT ANDRE,,['Blanchissage'],[36],non,non
254,20-59322,2020-05-02,2020-05-24,['976'],"Conception, fourniture et livraion de titres de restaurant pour les agents du Conseil Départemental de Mayotte",joue,directive24,attribution,initial,Département de Mayotte,97600,Mamoudzou,,['Titres restaurant'],[416],non,non
255,20-58917,2020-05-02,2020-05-30,['976'],Petits travaux de réfection de la voirie communale,joue,directive24,attribution,initial,Ville de Koungou,97690,Koungou,,['Voirie et réseaux divers'],[366],non,non
256,20-58953,2020-05-02,2020-06-25,['974'],"Marché de maitrise d'oeuvre pour le Réservoir et station de traitement d'eau potable 'SAFER': réseaux, génie civil, station de pompage et station de traitement.",joue,autre,rectificatif,rectificatif,Régie comm d'eau et d'ass. La Créole,97864,Saint Paul Cédex,,['Ingénierie'],[455],non,non
257,20-58676,2020-05-02,2020-07-06,['974'],ACCORD-CADRE A BON DE COMMANDE D'ACQUISITION DE MATÉRIELS POUR LA RECHERCHE DE FUITES.,joue,directive25,appeloffre,initial,Régie comm d'eau et d'ass. La Créole,97864,Saint Paul Cédex,,['Alimentation en eau potable'],[6],non,non
258,19-176156,2020-05-02,2020-06-03,['22'],"fourniture de carburants, de gnr et ad-blue à la pompe ou en vrac",joue,directive24,appeloffre,initial,Guingamp-Paimpol Agglomération,,Guingamp,,"['Carburant, hydrocarbure', 'Combustible']","[52, 438]",non,non
259,20-58229,2020-05-02,2020-05-29,['38'],fourniture de repas en liaison froide pour les restaurants scolaires et la petite enfance,joue,directive24,appeloffre,initial,Ville de Meylan,,Meylan,,['Restauration collective'],[66],non,non
260,20-58634,2020-05-02,2020-06-30,"['92', '75']",Organisation de classes de découverte pour les écoles maternelles et élémentaires publiques de la ville de neuilly-sur-seine,joue,directive24,attribution,initial,Ville de Neuilly-sur-Seine,,Neuilly-sur-Seine Cedex,"[('2020-03-16', 'CAP MONDE SAS', (1600000, 'EUR'), 'Séjours de classes de neige et de classes de mer en France'), ('2020-03-16', 'CAP MONDE', (1600000, 'EUR'), 'Séjours de classes à thèmes en France')]",['Voyage'],[367],non,non
261,20-58996,2020-05-02,2020-07-07,['34'],achat de masques,joue,directive24,attribution,initial,Montpellier Méditerranée Métropole,,Montpellier,"[('2020-04-24', 'ESCASSUT', (1280000, 'EUR'), 'ACHAT DE MASQUES')]",['Matériel médical'],[212],non,non
262,20-59257,2020-05-02,2020-05-29,['59'],"transports accueil périscolaire, restauration scolaire, activités scolaires et centres de loisirs",joue,directive24,appeloffre,initial,ville d'Aulnoye Aymeries,,Aulnoye aymeries,,['Prestations de services'],[274],non,non
