a00_cle_idweb,g04_01_date_publication,g04_03_date_fin_diffusion,g04_07_dep_publication,g04_09_resume_objet,g01_02_01_famille,g01_02_02_perimetre,g01_02_03_nature,g01_02_04_statut,d01_01_denomination,d01_07_cp,d01_08_ville,d08_09_decision_titulaireandRENSEIGNEMENT,g04_052_descripteurs_libelles,g04_051_descripteurs_codes,g04_061_criteres_sociaux,g04_062_criteres_environnementaux
20-131935,2020-10-27,2020-11-23,['1'],Fourniture de sel de déneigement et de produits déverglaçants en sacs,mapa,cmp2006,appeloffre,initial,COMMUNE D OYONNAX,01100,OYONNAX,,['Déneigement'],[98],non,non
20-132121,2020-10-27,2020-12-26,['1'],Fourniture de matériels pour salle d'escalade - Gymnase de la Plaine de l'Ain,fns,cmp2006,attribution,initial,CTE DE COMMUNES DE LA PLAINE DE L AIN,01150,Chazey sur ain,"[('2020-10-14', 'SARL Artline Holds', (72261.83, 'EUR'), None), ('2020-10-21', ""SASU CONTEXT'"", (23868.9, 'EUR'), None)]",['Equipement sportif'],[113],non,non
20-132262,2020-10-27,2020-11-27,['2'],Assistance à Maîtrise d'Ouvrage en matière d'alimentation en eau potable,fns,cmp2006,appeloffre,initial,CA Chauny-Tergnier-La Fère,02300,CHAUNY,,"['Alimentation en eau potable', 'Etude']","[6, 118]",non,non
20-131940,2020-10-27,2021-01-24,['3'],Elaboration et mise en oeuvre d'un plan de Communication et de Concertation pour la VIA Allier (voie verte de 80 kms le long de la Rivière Allier),fns,cmp2006,attribution,initial,DEPARTEMENT DE L ALLIER,03016,MOULINS,"[('2020-10-27', 'RESONANCE PUBLIQUE', (161200, 'EUR'), None)]","['Impression', 'Publicité, Communication']","[160, 285]",non,non
20-120978,2020-10-27,2020-11-13,['3'],opération d'entretien de l'étanchéité du centre culturel valery larbaud de vichy,fns,cmp2006,appeloffre,initial,Ville de Vichy,03200,Vichy,,['Etanchéité'],[117],non,non
20-132188,2020-10-27,2020-11-17,['6'],M.A.P.A. 2020 - 073 : FOURNITURE D'ENROBÉS A FROID NOIR ET ROUGE,mapa,cmp2006,appeloffre,initial,COMMUNE LE CANNET,06110,LE CANNET,,['Revêtements de sols'],[308],non,non
20-130518,2020-10-27,2020-11-17,['6'],réfection de la totalité des étanchéités des toitures et terrasses accessibles du bâtiment esterel au sein du cadam.,fns,cmp2006,appeloffre,initial,Département des Alpes-Maritimes,06201,Nice Cedex 3,,['Etanchéité'],[117],non,oui
20-131950,2020-10-27,2020-11-20,['6'],20C0012 - Mission de contrôles techniques par un organisme agréé relatives à la sécurité des personnes dans les établissements du CCAS de Nice.Lieu d'exécution : Etablissements du CCAS de la vil,fns,cmp2006,appeloffre,initial,METROPOLE NCA,06364,NICE CEDEX 4,,['Contrôle technique'],[72],non,non
20-131851,2020-10-27,2020-11-11,['6'],20V1103 - BALISAGE LE LONG DU LITTORAL NIÇOIS,fns,cmp2006,appeloffre,initial,METROPOLE NCA,06364,NICE CEDEX 4,,"[""Travaux dans l'eau""]",[349],non,non
20-132110,2020-10-27,2020-11-26,['6'],MAINTENANCE PREVENTIVE ET CURATIVE D'UNE IMPRIMANTE COULEUR NUMÉRIQUE HAUT VOLUME DE MARQUE XEROX 700i ET FOURNITURE DE CONSOMMABLES ET DE PIÈCES DE RECHANGE,mapa,cmp2006,appeloffre,initial,C.A.P.L.,06414,Cannes Cedex,,"['Maintenance', ""Matériel d'imprimerie""]","[196, 211]",non,non
20-132160,2020-10-27,2020-11-30,['6'],"Entretien et nettoyage des locaux de la spla "" riviera française aménagement """,fns,cmp2006,appeloffre,initial,SPLA Riviera Française Aménagement,06500,Menton,,['Nettoyage de locaux'],[239],non,non
20-131914,2020-10-27,2020-11-30,['6'],Acquisition d'ameublement de puériculture,fns,cmp2006,appeloffre,initial,Ville d'Antibes Juan-les-Pins,06606,Antibes cedex,,['Mobilier'],[230],non,non
20-131961,2020-10-27,2020-11-25,"['8', '51']",rehabilitation du plateau du 3ème etagesiege de la cpam ardennes,fns,cmp2006,appeloffre,initial,CPAM des Ardennes,08101,Charleville mézières,,"['Cloison, faux plafond', 'Electricité (travaux)', 'Gros oeuvre', 'Isolation', 'Menuiserie', 'Métallerie', 'Peinture (travaux)', 'Plomberie (travaux)', 'Revêtements de sols', 'Revêtements muraux', 'Ventilation']","[63, 105, 144, 169, 222, 223, 264, 270, 308, 309, 360]",oui,oui
20-131217,2020-10-27,2020-11-26,"['9', '31']","FOURNITURE D'UN CAMION NEUF 6X4, 26T, EQUIPE D'UN BRAS DE LEVAGE D'UNE CAPACITE DE 20 TONNES AVEC UNE REMORQUE PORTE CAISSONS 19T (3 LOTS)",joue,directive24,appeloffre,initial,SMECTOM DU PLANTAUREL,09120,Varilhes,,"['Equipement hydraulique', 'Véhicules', 'Véhicules (acquisition)']","[111, 359, 475]",non,non
20-131887,2020-10-27,2020-11-24,['10'],"Fourniture de médicaments pour le GHT Aube et sézannais, du 1er janvier au 31 décembre 2021.",fns,cmp2006,appeloffre,initial,Centre hospitalier de Troyes,10003,Troyes cedex,,['Produits pharmaceutiques'],[280],oui,oui
20-131986,2020-10-27,2020-11-30,['11'],TRAVAUX DE RÉFECTION ET D'ENTRETIEN DIVERS,fns,cmp2006,appeloffre,initial,COMMUNE DE LEUCATE,11370,LEUCATE,,['Voirie'],[365],non,non
20-132091,2020-10-27,2020-11-27,['12'],alimentation en eau potable - 276°lottravaux de traitement des espaces verts dans l'emprise des ouvrages du s.m.a.e.p. de montbazens-rignac.accord-cadre à bons de commande allotis,fns,cmp2006,appeloffre,initial,SYND MIXTE ADDUCTION EAU POTABLE MONTB,12220,Montbazens,,"['Alimentation en eau potable', 'Espaces verts']","[6, 116]",non,non
20-132101,2020-10-27,2020-11-30,['13'],Travaux de rénovation de la voie tramway sur le site de la Blancarde à Marseille,fns,cmp2006,appeloffre,initial,Régie des Transports Métropolitains,13013,Marseille,,['Voies ferrées'],[364],non,non
20-132242,2020-10-27,2020-11-30,['13'],Mise en place d'un service d'alertes sécurité et prestations associées,fns,cmp2006,appeloffre,initial,Régie des Transports Métropolitains,13013,Marseille,,['Equipements spécialisés'],[115],non,non
20-132263,2020-10-27,2020-11-26,['13'],"Lors du dernier récolement, plusieurs fonds d'archives ont été relevés dans un mauvais état de conditionnement ; leur volume total est estimé à 4 km linéaires, répartis dans plusieurs magasins du",fns,cmp2006,appeloffre,initial,MINISTERE DE LA CULTURE,13182,Aix-en-provence cedex 5,,"['Carton', ""Oeuvre d'art"", 'Papeterie']","[54, 247, 262]",non,non
20-131982,2020-10-27,2020-12-27,['83'],travaux de désamiantage et de démolition de plusieurs bâtiments sur la commune de six-fours-les-plages (83),fns,cmp2006,attribution,initial,ETS PUB FONCIER P A C A,13207,MARSEILLE CEDEX 01,"[('2020-10-27', 'MORIN TP', (147180, 'EUR'), None), ('2020-10-19', 'ORTP', (99334.5, 'EUR'), None)]",['Démolition'],[87],non,non
20-132323,2020-10-27,2020-11-23,['13'],Numéro de la consultation : P2007323 v2 Remplacement des automates des porte-passerelles,fns,cmp2006,appeloffre,initial,GRAND PORT MARITIME DE MARSEILLE,13226,MARSEILLE,,['Automate'],[402],non,non
20-132343,2020-10-27,2021-01-24,['13'],"Numéro de la consultation : P2004524 Travaux de vitrerie et de menuiserie aluminium et PVC pour la maintenance des ouvrages, installations et équipements du GPMM",fns,cmp2006,attribution,initial,GRAND PORT MARITIME DE MARSEILLE,13226,MARSEILLE,,"['Menuiserie', 'Vitrerie']","[222, 363]",non,non
20-132235,2020-10-27,2020-11-19,['13'],Prestations de sonorisation et d'éclairage scénique et vidéo nécessaires à l'organisation des manifestations de la mairie des 4ème et 5ème arrondissements,fns,cmp2006,appeloffre,initial,Ville de Marseille,13233,Marseille cedex 20,,['Matériel scénique'],[216],non,oui
20-131898,2020-10-27,2020-11-13,['13'],Maîtrise d'oeuvre pour l'aménagement des façades après mise en sécurité de la Crèche Pharo Catalans - 17 Rue des Catalans - 13007 Marseille,fns,cmp2006,appeloffre,rectificatif,Ville de Marseille,13233,Marseille cedex 20,,"[""Maîtrise d'oeuvre""]",[197],non,non
20-132123,2020-10-27,2020-11-30,['13'],"Travaux de démolition et de désamiantage "" BAOBAG "" 2 bd Vintimille - Marseille 13015 pour le compte de l'EPA Euroméditerranée",fns,cmp2006,appeloffre,initial,EPA EUROMEDITERRANEE,13235,Marseille cedex 02,,"['Démolition', 'Amiante (désamiantage)']","[87, 479]",oui,non
20-132148,2020-10-27,2020-11-30,['13'],Rénovation et construction de sanitaires pour le collège Simone de Beauvoir à Vitrolles - 5 lots,fns,cmp2006,appeloffre,initial,CONSEIL DEPARTEMENTAL 13,13256,Marseille cedex 20,,"[""Tous corps d'état""]",[345],non,non
20-132342,2020-10-27,2020-11-23,"['13', '83', '84']",Numéro de la consultation : 2020-0744 MAINTENANCE DES SYSTEMES DE SECURITE INCENDIE DU CH MONTPERRIN,fns,cmp2006,appeloffre,initial,CH SPECIALISE MONTPERRIN,13617,AIX EN PROVENCE,,['Sécurité incendie'],[332],non,non
20-132273,2020-10-27,2020-11-26,['13'],Création d'une passerelle - RD 46 - Avenue du 8 mai 1945 à fuveau,fns,cmp2006,appeloffre,initial,COMMUNE DE FUVEAU,13710,Fuveau,,['Passerelle'],[286],non,non
20-131868,2020-10-27,2020-12-27,['13'],"Impression sur textile et sur différents objets de communication : fourniture, impression et livraison pour le groupement de commandes ville/fame/ccas",fns,cmp2006,attribution,initial,Ville de Fos-sur-Mer,13771,Fos sur mer cedex,,['Impression'],[160],non,non
20-131834,2020-10-27,2020-12-27,['13'],"Création d'une aire de Street Workout et Fitness, située avenue René Cassin à Fos-sur-Mer",fns,cmp2006,attribution,initial,Ville de Fos-sur-Mer,13771,Fos sur mer cedex,,['Voirie et réseaux divers'],[366],non,non
20-132090,2020-10-27,2020-11-19,['13'],Construction d'un local de rangement place du marché à ROGNONAS (13870),fns,cmp2006,appeloffre,initial,ville de Rognonas,13870,ROGNONAS,,"['Charpente', 'Couverture', 'Electricité (travaux)', 'Gros oeuvre', 'Maçonnerie', 'Menuiserie', 'Peinture (travaux)']","[57, 74, 105, 144, 195, 222, 264]",non,non
20-132211,2020-10-27,2020-11-26,['14'],CDC20005 Prestations de service d'assurance risques statutaires du personnel,fns,cmp2006,appeloffre,initial,CC INTERCOM DE LA VIRE AU NOIREAU,14500,VIRE NORMANDIE,,['Assurance'],[20],non,non
20-131870,2020-10-27,2020-11-23,['16'],Fourniture de chèques d'accompagnement personnalisé pour le fonds d'aide aux jeunes,fns,cmp2006,appeloffre,initial,Département de la Charente,16917,ANGOULEME,,"['Impression', 'Prestations de services']","[160, 274]",non,non
20-131993,2020-10-27,2020-11-27,['16'],Travaux de restauration du théâtre gallo-romain du site des Bouchauds (Saint-Cybardeaux-Charente),fns,cmp2006,appeloffre,initial,Département de la Charente,16917,ANGOULEME,,"['Maçonnerie', 'Passerelle', 'Serrurerie']","[195, 286, 321]",non,non
20-131936,2020-10-27,2020-11-25,['17'],Numéro de la consultation : 2020.TX.AME.0182 TRAVAUX POUR LA MISE EN ACCESSIBILITE DES ARRETS BUS SUR LE TERRITOIRE DE LA COMMUNAUTE D'AGGLOMERATION DE LA ROCHELLE,fns,cmp2006,appeloffre,initial,CDA LA ROCHELLE,17086,La Rochelle,,['Terrassement'],[341],non,non
20-131832,2020-10-27,2021-01-24,['17'],Remplacement des sièges de l'auditorium du Palais des Congrès,mapa,cmp2006,attribution,initial,COMMUNE DE ROCHEFORT,17301,ROCHEFORT,,['Mobilier'],[230],non,non
20-132127,2020-10-27,2020-12-02,['17'],Extension de la zone d'activité de l'Houmée - Commune d'Echillais,fns,cmp2006,appeloffre,initial,CA ROCHEFORT OCEAN,17304,ROCHEFORT,,"['Espaces verts', 'Voirie et réseaux divers']","[116, 366]",oui,non
20-132163,2020-10-27,2020-12-04,"['18', '45', '36', '37', '58', '41', '3']",Marché de travaux pour la construction de 21 logements d'une surface de plancher créée d'environ 1 718 mètres carrés.,fns,cmp2006,appeloffre,initial,Territoria,18021,Bourges cedex,,['Bâtiment'],[33],non,non
20-132116,2020-10-27,2020-11-19,['18'],Travaux de réhabilitation du système d'assainissement semi-collectif de bâtiments publics dans le bourg de Marçais,fns,cmp2006,appeloffre,initial,Cté de Communes Coeur de France,18200,SAINT AMAND MONTROND,,['Assainissement'],[18],non,non
20-132016,2020-10-27,2020-12-07,['20A'],"CONSTRUCTION D'UNE HALLE DES SPORTS - Nouvelle procédure pour consultation des lots 13, 14 et 15 du fait de la décision du pouvoir adjudicateur de déclarer sans suite le marché",fns,cmp2006,appeloffre,initial,Commune de PIETROSELLA,20166,Pietrosella,,"['Equipement sportif', 'Revêtements de sols']","[113, 308]",non,non
20-132004,2020-10-27,2021-01-24,['20A'],Numéro de la consultation : 2020-9DAD-0300 Location et installation de deux structures pour le congrès de l'ANEM à Corte,fns,cmp2006,attribution,initial,COLLECTIVITE DE CORSE,20187,AJACCIO,"[('2020-10-02', 'EVENTCOM - GROUPE CONSEILS LOISIRS', (20855, 'EUR'), None), ('2020-10-02', 'SARL LOCATION TAG', (51201.9, 'EUR'), None)]",['Prestations de services'],[274],non,non
20-131872,2020-10-27,2020-11-19,['21'],Prestations de données météorologiques sur le territoire de Dijon Métropole,fns,cmp2006,appeloffre,initial,DIJON METROPOLE,21075,Dijon,,['Prestations de services'],[274],non,non
20-131848,2020-10-27,2020-12-31,['21'],Contrats de maintenance biomédicale 2021,fns,cmp2006,appeloffre,initial,Hospices Civils de Beaune,21203,Beaune,,['Maintenance'],[196],non,non
20-132197,2020-10-27,2020-12-27,['21'],Réhabilitation des auges des vis de relevage d'entrée à la station d'épuration de Beaune-Combertault,fns,cmp2006,attribution,initial,BEAUNE COTE SUD COM BEAUNE CHAGNY NOLA,21208,Beaune cedex,"[('2020-10-26', 'Xylem Water Solutions France SAS', (128770.0, 'EUR'), None)]","['Réseaux divers', ""Station d'épuration (travaux)""]","[306, 328]",non,oui
20-132158,2020-10-27,2020-11-18,['24'],Entretien des installations de protection contre l'incendie dans les divers bâtiments de la ville de Bergerac,fns,cmp2006,appeloffre,initial,Ville de Bergerac,24100,Bergerac,,['Sécurité incendie'],[332],non,non
20-131929,2020-10-27,2020-11-18,['24'],FOURNITURE ET LIVRAISON DE FIL DE FER RECUIT CENTRE DE TRI DE MARCILLAC SAINT QUENTIN,fns,cmp2006,appeloffre,initial,SMD3,24660,Coulounieix Chamiers,,['Acier'],[3],non,non
20-131902,2020-10-27,2020-11-23,"['39', '25']","Travaux de chauffage, VMC, Sanitaire dans le cadre de la réhabilitation du bâtiment La Ferté à Lons-le-Saunier (39)",fns,cmp2006,appeloffre,initial,CENTRE HOSPITALIER REGIONAL UNVT,25030,Besançon,,['Chauffage (travaux)'],[61],non,non
20-132130,2020-10-27,2020-11-16,['25'],FOUILLES ARCHEOLOGIQUES PREVENTIVES A LA SALINE ROYALE D'ARC ET SENANS,fns,cmp2006,appeloffre,initial,DEPARTEMENT DU DOUBS,25031,BESANCON Cedex,,['Fouille archéologique'],[450],non,non
20-131861,2020-10-27,2020-11-25,['25'],Aménagement de la rue du Moulin (RD 26) et de la rue des Chenevières (RD 24) à AVILLEY,fns,cmp2006,appeloffre,initial,COMMUNE D AVILLEY,25680,Avilley,,['Voirie et réseaux divers'],[366],non,non
20-131873,2020-10-27,2020-11-18,['26'],Coordination et animation du réseau des acteurs de l'inclusion numérique en Drôme et accompagnement du Département dans la mise en oeuvre de sa feuille de route numérique,fns,cmp2006,appeloffre,initial,Département de la Drôme,26026,Valence,,['Prestations de services'],[274],non,non
20-132124,2020-10-27,2020-11-26,['26'],"Travaux d'entretien, d'aménagement et de signalisation sur la voirie communale de Portes Lès Valence",fns,cmp2006,appeloffre,initial,Ville de Portes les Valence,26800,PORTES LES VALENCE,,"['Signalisation', 'Voirie']","[322, 365]",non,non
20-131300,2020-10-27,2020-11-23,"['27', '60', '76', '78', '92', '95']",réhabilitation de l'école jean moulin,fns,cmp2006,appeloffre,initial,Ville de Gisors,27140,Gisors,,"['Ascenseur', 'Carrelage', 'Chauffage (travaux)', 'Cloison, faux plafond', 'Echafaudage', 'Electricité (travaux)', 'Gros oeuvre', 'Menuiserie', 'Métallerie', 'Plomberie (travaux)', 'Revêtements de sols', 'Ventilation', 'Occultation', 'Amiante (désamiantage)']","[17, 53, 61, 63, 101, 105, 144, 222, 223, 270, 308, 360, 414, 479]",non,non
20-132014,2020-10-27,2020-11-18,['28'],Mission de programmation pour une opération de construction,fns,cmp2006,appeloffre,initial,CCI d'Eure-et-Loir,28002,Chartres cedex,,"['Assistance technique', 'Bâtiment', 'Ingénierie']","[19, 33, 455]",non,non
20-132289,2020-10-27,2020-11-19,['28'],CONTROLE TECHNIQUE POUR LE PLAN DE SECURISATION D'ETABLISSEMENT ET REAMENAGEMENT DE L'ACCUEIL DES URGENCES DU CH DE CHARTRES,mapa,cmp2006,appeloffre,initial,CENTRE HOSPITALIER GENERAL DE CHARTRES,28018,Chartres,,['Contrôle technique'],[72],non,non
20-131944,2020-10-27,2020-11-27,['29'],Acquisition d'un détecteur de spectrométrie Gamma et de son électronique associée au profit du laboratoire d'analyses de surveillance et d'expertise de la marine (LASEM) de Brest,mapa,cmp2006,attribution,initial,MINDEF/SCA/PFAF OUEST,29240,Brest cedex 9,,['Laboratoire (matériel)'],[188],non,non
20-131877,2020-10-27,2020-11-03,['30'],maîtrise d'oeuvre pour la réalisation du réservoirs bas service de la commune de saint gilles,fns,cmp2006,appeloffre,rectificatif,CA Nîmes Métropole,30000,Nimes,,"[""Maîtrise d'oeuvre""]",[197],non,non
20-132055,2020-10-27,2020-12-15,['31'],"Réalisation de divers travaux de menuiseries extérieures, serrurerie et métallerie sur les sites de l'ENAC.La majorité des prestations sera réalisée sur les sites de Toulouse, Muret et Castelnau",fns,cmp2006,attribution,initial,ENAC,31055,Toulouse cedex,,['Menuiserie'],[222],non,oui
20-132011,2020-10-27,2020-11-29,"['38', '31']",Création d'une station d'avitaillement sur le site de l'ENAC GRENOBLELe marché est décomposé en 2 lots définis comme suit :Lot no 1 : VRD Lot no 2 : AVITAILLEMENT,fns,cmp2006,appeloffre,initial,ENAC,31055,Toulouse cedex,,['Terrassement'],[341],non,non
20-132311,2020-10-27,2020-12-04,['31'],"Le présent projet de marché est soumis à la procédure adaptée conformément aux dispositions des articles L 2323-1, R 2323-1 à R 2323-4 du code de la commande publique. Le dossier de consultation es..",fns,cmp2006DEFENSE,appeloffre,initial,MINARM/DGA/DO/S2A,31131,Balma cedex,,"['Aéronautique', 'Bâtiment', 'Equipement hydraulique', 'Equipement industriel', 'Ouvrage hydraulique']","[4, 33, 111, 112, 255]",non,non
20-131992,2020-10-27,2020-11-18,['31'],Acquisition de CD et DVD musicaux et vidéo pour la Ville de Blagnac,fns,cmp2006,appeloffre,initial,Ville de Blagnac,31700,BLAGNAC,,"['Cd, DVD']",[45],non,non
20-132000,2020-10-27,2021-01-24,['33'],"Maintenance des installations d'interphonie, de sonorisation et de contrôle d'accés",fns,cmp2006,attribution,initial,PARCUB,33007,Bordeaux,"[('2020-10-08', 'SANTERNE AQUITAINE', (200000, 'EUR'), None)]",['Maintenance'],[196],non,non
20-132080,2020-10-27,2020-12-27,['33'],CRÉATION - RENOUVELLEMENT - DÉPLACEMENT ET RÉPARATION DES EQUIPEMENTS DE LUTTE CONTRE LINCENDIE,fns,cmp2006,attribution,initial,Bordeaux Métropole,33045,BORDEAUX,"[('2020-10-27', 'SOC', (1500000.0, 'EUR'), None)]","[""Poteaux d'incendie"", 'Sécurité incendie']","[273, 332]",non,non
20-132022,2020-10-27,2020-11-18,['40'],Mont de marsan (40) base aérienne 118 - construction d'un réservoir de tête et de cinq surpresseurs d'eau potable,fns,cmp2006,appeloffre,rectificatif,MINDEF/SGA/DCSID/ESID Bordeaux,33068,Bordeaux cedex,,['Assainissement'],[18],non,non
20-132064,2020-10-27,2020-11-20,['33'],TRAVAUX DE DÉSAMIANTAGE ET DE DÉPLOMBAGE DU PAVILLON 43 EX BLANCHISSERIE,fns,cmp2006,appeloffre,initial,CHU DE BORDEAUX,33400,TALENCE,,['Amiante (désamiantage)'],[479],non,non
20-132264,2020-10-27,2020-12-13,['33'],Le présent marché concerne une prestation pour la réalisation de relances téléphoniques auprès des sortants de formations sanitaires et sociales néo-aquitains non répondants à lenquête dinsertion 2..,fns,cmp2006,appeloffre,initial,AROFE,33600,Pessac,,['Prestations de services'],[274],non,non
20-131968,2020-10-27,2020-11-17,['33'],MAITRISE D'OEUVRE RESTREINTE POUR LA DEMOLITION ET LA CONSTRUCTION DE LA SALLE DES FETES à SAINT MEDARD D'EYRANS-phase candidatures,fns,cmp2006,appeloffre,initial,COMMUNE DE SAINT MEDARD D EYRANS,33650,Saint-médard-d'eyrans,,"[""Maîtrise d'oeuvre""]",[197],non,non
20-132251,2020-10-27,2020-11-16,['34'],Fourniture de carburants pour le parc automobile municipal via un système de cartes accréditives,fns,cmp2006,appeloffre,initial,COMMUNE DE LUNEL,34403,Lunel cedex,,"['Carburant, hydrocarbure']",[52],non,non
20-132067,2020-10-27,2020-11-17,['34'],Numéro de la consultation : 2020TX0056 Restauration et entretien du fleuve Hérault - exercice 2,fns,cmp2006,appeloffre,initial,COMMUNAUTE D AGGL HERAULT MEDITERRANEE,34630,Saint Thibery,,['Travaux forestiers'],[350],non,non
20-132060,2020-10-27,2020-12-31,['35'],Etudes d'opportunité et de faisabilité d'extensions de TCSP,fns,cmp2006,attribution,initial,Rennes Métropole,35031,RENNES CEDEX,"[('2020-10-16', 'SETEC ITS', (249510.0, 'EUR'), None)]",['Ingénierie'],[455],non,non
20-131822,2020-10-27,2020-11-12,['35'],"Conception, production, exploitation et coordination d'une programmation artistique originale à l'occasion de l'inauguration de la ligne b du métro de Rennes",fns,cmp2006,appeloffre,initial,Rennes Métropole,35031,RENNES CEDEX,,"['Etude', 'Evénementiel', 'Spectacle']","[118, 445, 472]",non,non
20-132081,2020-10-27,2020-11-26,"['35', '56', '29', '22']","Le marché a pour objet :- Le balayage régulier des voiries ZAC de Coësmes et ZAC des Champs Blancs à Cesson-Sévigné. Elle comprend également la réalisation, sur demandes ponctuelles, du balayage d..",fns,cmp2006,appeloffre,initial,COMMUNE DE CESSON SEVIGNE,35510,Cesson sevigne,,"['Nettoyage urbain', 'Voirie']","[240, 365]",non,oui
20-131965,2020-10-27,2020-11-10,['35'],Saint Jacques de la Lande (35) Quartier STEPHANT Réalisation d'un parking 80 places au profit de la construction d'un mess provisoire - 455572,fns,cmp2006,appeloffre,rectificatif,ESID de Rennes,35998,Rennes cedex 9,,['Voirie et réseaux divers'],[366],non,non
20-131908,2020-10-27,2020-12-31,"['37', '45']","Concerne le transport des enfants et jeunes fréquentant les accueils de loisirs municipaux et de leurs encadrants, et le transport en autocars d'enfants pour les sorties/voyages scolaires de la v",fns,cmp2006,appeloffre,initial,Ville de La Riche,37521,La riche cedex,,['Transport'],[347],non,non
20-132074,2020-10-27,2021-01-24,['37'],ACQUISITION DE MATERIELS POUR l'ENTRETIEN DES ESPACES VERTS DES MONUMENTS ET DES DEPENDANCES D ELA VOIRIE DU CONSEIL DEPARTEMENTAL D'INDRE ET LOIRE,mapa,cmp2006,attribution,initial,Conseil Général d'Indre et Loire,37927,Tours,,['Espaces verts'],[116],non,non
20-132097,2020-10-27,2020-11-25,['38'],Prestations de formations en bureautique,fns,cmp2006,appeloffre,initial,Institut polytechnique de Grenoble,38031,Grenoble cedex 1,,['Formation'],[410],non,non
20-132072,2020-10-27,2021-01-24,['38'],"Numéro de la consultation : 2020-TX-REG-0111 Renouvellement du réseau d'assainissement rue capitaine camine, rue des champs Elysées, rue Claude Genin, rue Galilée, rue Marcel Porte, rue Lieutenan",fns,cmp2006,attribution,initial,GRENOBLE-ALPES METROPOLE,38031,GRENOBLE,,['Assainissement'],[18],non,non
20-131994,2020-10-27,2020-12-05,['39'],consultation de maîtrise d'oeuvre pour l'extension des locaux du sictom à montmorot,mapa,cmp2006,attribution,initial,SICTOM DE LA ZONE DE LONS-LE-SAUNIER,39570,Montmorot,,"[""Maîtrise d'oeuvre""]",[197],non,non
20-131760,2020-10-27,2020-11-24,['40'],réalisation des rapports d'activités et de contrôles de l'année 2020direction techniques : electricité / eau / numérique,fns,cmp2006,appeloffre,initial,SYDEC,40006,Mont de Marsan cedex,,"['Impression', 'Prestations de services']","[160, 274]",non,non
20-131921,2020-10-27,2020-11-17,"['40', '64']",création d'une maison de santé multiprofessionnelle,fns,cmp2006,appeloffre,initial,COMMUNE DE SOUSTONS,40140,Soustons,,"[""Maîtrise d'oeuvre""]",[197],non,non
20-132005,2020-10-27,2021-01-24,['42'],TRAVAUX SUR DIVERS BÂTIMENTS COMMUNAUX,fns,cmp2006,attribution,initial,Commune de l'Etrat,42580,L'ETRAT,"[('2020-10-19', 'SMTP', (39708.65, 'EUR'), None), ('2020-10-19', 'BRTech CONSTRUCTION', (21867.3, 'EUR'), None), ('2020-10-19', 'TONY JUIN SAS', (7612.14, 'EUR'), None), ('2020-10-19', 'SERODON ET ASSOCIES', (29834, 'EUR'), None), ('2020-10-19', 'Travaux Batiments Services TBS', (28837.74, 'EUR'), None), ('2020-10-19', 'BERNE MENUISERIE', (7367.72, 'EUR'), None), ('2020-10-19', 'di cesare', (4066.78, 'EUR'), None), ('2020-10-19', 'APM 42/ FP REVETEMENTS DE SOLS', (4258.1, 'EUR'), None), ('2020-10-19', 'CFF', (13772.96, 'EUR'), None), ('2020-10-19', ""Société d'Etudes et de Réalisation"", (24414.2, 'EUR'), None), ('2020-10-19', 'ENTREPRISE CST MARQUES', (23170.4, 'EUR'), None)]","[""Tous corps d'état""]",[345],non,non
20-132315,2020-10-27,2020-11-27,['43'],Numéro de la consultation : 2020-SR-0027 Mission de Coordination Sécurité et Prévention de la Santé (CSPS) Niveau 1 pour les projets de reconstruction des ponts de Bas en Basset & Langeac,fns,cmp2006,appeloffre,initial,DEPARTEMENT DE LA HAUTE LOIRE,43009,LE PUY EN VELAY Cedex,,"[""Mission d'ordonnancement, pilotage, coordination (OPC)""]",[234],non,non
20-132332,2020-10-27,2020-12-03,"['85', '44', '72', '49']","Travaux d'extension de la plateforme robotique de Proxinnov. cette consultation ne concerne que les lots relancés suite infructueux : Gros oeuvre, charpente métallique, couverture, peinture et ha",fns,cmp2006,appeloffre,initial,SPR Pays de la Loire,44000,Nantes,,"[""Tous corps d'état""]",[345],non,non
20-132276,2020-10-27,2020-11-18,['44'],F233PA - Restauration du pont du Havre - RD323 à Oudon,fns,cmp2006,appeloffre,initial,Conseil départemental Loire-Atlantique,44041,NANTES,,"[""Ouvrage d'art""]",[252],non,non
20-132030,2020-10-27,2021-01-24,['44'],"Mission de Contrôle Technique pour les ouvrages, infrastructures et réseaux d'eau potable et d'assainissement des eaux pluviales et usées de la CARENE",fns,cmp2006,attribution,initial,COM D AGGLO REG NAZAIRIENNE ESTUAIRE,44605,Saint-Nazaire,"[('2020-10-23', 'QUALICONSULT', (4341.5, 'EUR'), None)]",['Contrôle technique'],[72],non,non
20-132240,2020-10-27,2020-11-27,"['44', '49', '85']",Travaux de mise en accessibilité du lycée Louis Armand à Machecoul-Saint-Même (44),fns,cmp2006,appeloffre,initial,Conseil régional des Pays de la Loire,44966,Nantes cedex 9,,['Bâtiment'],[33],non,non
20-131931,2020-10-27,2020-11-18,['45'],Mission d'étude historique et technique pyrotechnique dans le cadre des études pré-opérationnelles de la ZAC de l'Eco-quartier des Groues,fns,cmp2006,appeloffre,initial,Orléans Métropole,45058,Orléans,,"['Etude', 'Prestations de services']","[118, 274]",non,non
20-132245,2020-10-27,2020-12-07,['45'],"La réalisation de travaux de réagencement et reboisement des espaces verts extérieurs du site de l'agence de l'eau Loire-Bretagne, localisé à Orléans (Loiret). Le projet intègre aussi la rén",fns,cmp2006,appeloffre,initial,Agence de l'eau Loire-Bretagne,45063,Orléans,,['Espaces verts'],[116],non,oui
20-132280,2020-10-27,2020-11-17,['45'],La présente consultation concerne les travaux de clôtures de la Ville de Chalette sur Loing,fns,cmp2006,appeloffre,initial,Ville de Chalette sur Loing,45120,Châlette sur Loing,,['Clôture'],[64],non,non
20-132027,2020-10-27,2020-11-10,['45'],Numéro de la consultation : 2020-24 Fourniture et livraison de produits sanitaires dans le cadre du COVID 19 - Masques alternatifs,fns,cmp2006,appeloffre,initial,COM D AGL MONTARGOISE ET RIVES LOING,45125,MONTARGIS,,['Equipements spécialisés'],[115],non,non
20-132219,2020-10-27,2020-11-30,['45'],Souscription de contrats d'assurance,fns,cmp2006,appeloffre,initial,Commune de Saint-Ay,45130,Saint-Ay,,['Assurance'],[20],non,non
20-131933,2020-10-27,2020-11-20,['45'],Achat de produits d'entretien et matériel de ménage,fns,cmp2006,appeloffre,initial,Ville d'Olivet,45161,Olivet,,"[""Produits d'entretien""]",[278],non,oui
20-131995,2020-10-27,2020-11-20,['45'],Achat de livres pour la Ville d'Olivet,fns,cmp2006,appeloffre,initial,Ville d'Olivet,45161,Olivet,,['Livres'],[184],non,non
20-132009,2020-10-27,2020-11-18,['47'],Travaux de rénovation énergétique mise aux normes en accessibilité école de la commune de Gaujac.,fns,cmp2006,appeloffre,initial,SEM 47,47000,Agen,,['Maintenance'],[196],non,non
20-132193,2020-10-27,2020-11-18,['47'],TRAVAUX D'AMELIORATION THERMIQUE DU CENTRE MEDICO SOCIAL A TONNEINS,fns,cmp2006,appeloffre,initial,SEM 47,47000,Agen,,['Maintenance'],[196],non,non
20-132025,2020-10-27,2020-11-24,['47'],Numéro de la consultation : 20REPRO Fourniture et maintenance de matériel de reprographie,fns,cmp2006,appeloffre,initial,SCE DEPARTEMENTAL INCENDIE ET SECOURS,47510,Foulayronnes,,"['Maintenance', 'Reprographie']","[196, 305]",non,non
20-131991,2020-10-27,2020-11-19,['49'],"ENLEVEMENT, TRANSPORT ET TRAITEMENT DES DECHETS",fns,cmp2006,appeloffre,initial,GIE FONTEVRAUD,49590,FONTEVRAUD L'ABBAYE,,['Déchets non ménagers (prestations)'],[404],non,non
20-112437,2020-10-27,2020-11-23,['51'],"2020-46EP ELABORATION DU DOSSIER DE CREATION DE ZAC ETREALISATION DU CAHIER DES PRESCRIPTIONS ARCHITECTURALES,URBAINES, PAYSAGERES ET ENVIRONNEMENTALES DU QUARTIERDES BERGES DE MARNE",mapa,cmp2006,appeloffre,initial,COMMUNE DE EPERNAY,51331,Epernay Cedex,,['Etude'],[118],non,oui
20-132194,2020-10-27,2021-01-05,['52'],Fourniture et livraison d'une chargeuse à pneus articulée 4x4 de gamme industrielle,fns,cmp2006,attribution,initial,Conseil général de la Haute-Marne,52905,CHAUMONT Cedex,"[('2020-10-27', 'BERGERAT MONNOYEUR', (104600.0, 'EUR'), None)]",['Pièces détachées'],[266],non,non
20-132310,2020-10-27,2020-11-27,['53'],Marché réservé à une EA ou un ESAT ayant comme support d'activités le nettoyage des bureaux du Bâtiment Laval Économie Emploi,fns,cmp2006,appeloffre,initial,Laval Agglomération,53008,Laval cedex,,['Prestations de services'],[274],oui,non
20-131855,2020-10-27,2020-11-17,['53'],La consultation porte sur les travaux d'amélioration des performances énergétiques du Centre Administratif Municipal de la ville de Laval - Relance après déclaration sans suite,fns,cmp2006,appeloffre,initial,Ville de Laval,53013,Laval cedex,,"['Isolation', 'Menuiserie', 'Peinture (travaux)', 'Serrurerie']","[169, 222, 264, 321]",non,non
20-131896,2020-10-27,2021-01-24,['54'],"Les travaux de modernisation du poste de livraison transformation HT cellules, transformateur, liaisons 20 KV et BT dans la station de pompage de Toul-Valcourt.",fns,cmp2006,attribution,initial,Voies navigables de France,54036,Nancy,"[('2020-10-07', 'Cegelec', (125187.0, 'EUR'), None)]","['Matériel électrique', 'Transformateur']","[203, 346]",non,oui
20-131792,2020-10-27,2021-01-24,['57'],Les prestations portent sur le déploiement du réseau NAMIB,mapa,cmp2006,attribution,initial,Voies navigables de France,54036,Nancy,,['Antenne'],[10],non,non
20-132077,2020-10-27,2020-11-30,['54'],Travaux d'extension de la Maison Pour Tous (Espace de Vie Sociale) - relance des lots no2 gros oeuvre et no10 menuiserie bois intérieure/agencement-.,fns,cmp2006,appeloffre,initial,COMMUNE DE PAGNY SUR MOSELLE,54530,PAGNY-SUR-MOSELLE,,"['Gros oeuvre', 'Menuiserie', ""Tous corps d'état""]","[144, 222, 345]",non,non
20-131852,2020-10-27,2020-11-19,"['55', '54', '51', '52', '88']","Construction de 7 logements, d'une salle de convivialité et d'un cabinet médical à Vavincourt (55)",fns,cmp2006,appeloffre,initial,Commune de Vavincourt,55000,Vavincourt,,"['Carrelage', 'Charpente', 'Chauffage (travaux)', 'Couverture', 'Démolition', 'Electricité (travaux)', 'Gros oeuvre', 'Isolation', 'Menuiserie', 'Mobilier', 'Peinture (travaux)', 'Plâtrerie', 'Plomberie (travaux)', 'Revêtements de sols', 'Serrurerie', 'Ventilation', 'Voirie et réseaux divers']","[53, 57, 61, 74, 87, 105, 144, 169, 222, 230, 264, 269, 270, 308, 321, 360, 366]",non,non
20-132265,2020-10-27,2020-11-23,['56'],Port départemental du Crouesty-Arzon (56) : fourniture d'une remorque hydraulique pour le transport de bateaux,mapa,cmp2006,appeloffre,initial,COMPAGNIE DES PORTS DU MORBIHAN,56006,VANNES,,['Matériel de manutention'],[208],non,non
20-131895,2020-10-27,2020-11-24,['56'],Mise en décharge de déchets de chantier VRD pour le compte de la Ville de Vannes,fns,cmp2006,appeloffre,initial,Ville de Vannes,56019,VANNES,,['Déchets non ménagers (prestations)'],[404],non,non
20-131801,2020-10-27,2020-11-21,"['56', '22', '29', '35', '44']",Mission de maîtrise d'oeuvre relative à l'isolation thermique du bâtiment et au changement des fenêtres de la DDPP56,mapa,cmp2006,appeloffre,initial,DDPP du Morbihan,56019,Vannes,,"['Etude', 'Isolation', 'Menuiserie']","[118, 169, 222]",non,non
20-132220,2020-10-27,2020-11-16,['57'],ACQUISITION ET LIVRAISON DE COLIS POUR LES FETES DE FIN D'ANNEE,mapa,cmp2006,appeloffre,initial,Ville de Metz,57036,METZ,,['Denrées alimentaires'],[88],non,non
20-132192,2020-10-27,2020-11-26,"['54', '55', '57', '88']",La viabilisation du Parc Artisanal de la ZAC Moselle Rive Gauche à Messein.Cette opération de travaux est divisée en 2 lots. Les marchés qui seront conclus à la suite de la procédure engagée auron..,fns,cmp2006,appeloffre,initial,sebl,57045,Metz,,"['Réseaux divers', 'Voirie', 'Voirie et réseaux divers']","[306, 365, 366]",non,non
20-131791,2020-10-27,2020-11-20,['57'],Acquisition d'une balayeuse aspiratrice compacte à avancement hydrostatique,fns,cmp2006,appeloffre,initial,Mairie de Florange,57198,FLORANGE,,['Machines-outils'],[194],non,non
20-131922,2020-10-27,2020-11-26,['58'],accord-cadre mono-attributaire à bons de commande pour travaux d'entretien de voiries et opérations ponctuelles de petits aménagements pour la ville de nevers,fns,cmp2006,attribution,initial,Ville de Nevers,58000,Nevers,,"['Voirie', 'Voirie et réseaux divers']","[365, 366]",non,non
20-131962,2020-10-27,2020-11-25,['58'],remplacement des menuiseries extérieures du bâtiment les magnolias au centre hospitalier henri dunant à la charité sur loire.,fns,cmp2006,appeloffre,initial,Centre Hospitalier de Nevers,58033,Nevers,,['Menuiserie'],[222],non,non
20-131812,2020-10-27,2020-11-27,"['59', '2', '60', '62', '80']",Travaux de reprise d'ouvrage sur la cour d'honneur de l'hôtel de police de Douai.,fns,cmp2006,appeloffre,initial,SGAMI de Lille,59012,Lille cedex,,['Revêtements de sols'],[308],non,non
20-132113,2020-10-27,2020-11-19,['59'],Travaux d'aménagement d'un local à usage de stockage et bureaux en bureaux et sanitaires,fns,cmp2006,appeloffre,initial,Voies navigables de France,59034,Lille,,['Bâtiment'],[33],non,oui
20-131804,2020-10-27,2020-11-27,['59'],Acquisition de véhicules utilitaires avec aménagements spécifiques 4X4,fns,cmp2006,attribution,initial,METROPOLE EUROPEENNE DE LILLE,59040,Lille cedex,[],['Fontaine'],[449],non,non
20-132199,2020-10-27,2020-11-26,"['59', '62', '80', '60', '2']",Mission d'Assistance à Maîtrise d'Ouvrage pour la passation d'un marché public de remplacement d'autocommutateurs et des systèmes d'appel malade pour les 3 résidences de l&apo,mapa,cmp2006,appeloffre,initial,UGECAM Nord Pas de Calais - Picardie,59043,Lille,,"['Assistance technique', ""Assistance à maîtrise d'ouvrage""]","[19, 433]",non,non
20-132059,2020-10-27,2020-11-30,['59'],Le présent marché a pour objet la prestation de service d'assurance pour les besoins de la ville,fns,cmp2006,appeloffre,initial,COMMUNE D AUBERCHICOURT,59165,Auberchicourt,,['Assurance'],[20],non,non
19-170067,2020-10-27,2020-11-09,['59'],support sur fibre optique dédié ftto,mapa,cmp2006,appeloffre,initial,Ville d'Hazebrouck,59190,Hazebrouck,,['Abonnement'],[2],non,non
20-132142,2020-10-27,2020-11-20,"['59', '62', '80']","Travaux de requalification de la salle de tennis en salle multisports reprenant :- la réfection complète du sol, avec nouveau dallage et mise en oeuvre d'un revêtement de sol sportif compris tra",fns,cmp2006,appeloffre,initial,COMMUNE D'HAVELUY,59255,Haveluy,,"['Equipement sportif', 'Revêtements de sols']","[113, 308]",non,non
20-132144,2020-10-27,2020-11-17,['59'],Sacs pour déjections canines,mapa,cmp2006,appeloffre,initial,Ville d'Armentières,59427,Armentières cedex,,['Sacs'],[318],non,non
20-132246,2020-10-27,2020-11-20,['59'],Marché de PRESTATIONS INTELLECTUELLESMission Urbaniste Conseil dans le cadre d'un projet NPNRU,fns,cmp2006,appeloffre,initial,Ville de Fourmies,59611,FOURMIES CEDEX,,['Prestations de services'],[274],non,non
20-131890,2020-10-27,2020-11-27,['62'],Microscope électronique à balayage de paillasse (MEB de paillasse),mapa,cmp2006,attribution,initial,Université d'Artois,62030,Arras cedex,,['Laboratoire (matériel)'],[188],non,non
20-132149,2020-10-27,2020-11-20,['62'],des travaux de création d'une station de reprise pour la desserte en aep du centre aquatique.,fns,cmp2006,appeloffre,initial,Communauté de Communes de Desvres-Same,62240,Desvres,,['Alimentation en eau potable'],[6],non,non
20-132352,2020-10-27,2020-11-19,['63'],Contrôle technique et Coordination SPSSISPA CEBAZAT,fns,cmp2006,appeloffre,initial,Ophis,63028,CLERMONT FERRAND,,"['Contrôle technique', 'Sécurité incendie']","[72, 332]",non,non
20-132279,2020-10-27,2020-11-18,['63'],VULCANIA - Remplacement luminaires CINE 400,fns,cmp2006,appeloffre,initial,REGION AUVERGNE RHONE ALPES,63050,Clermont-ferrand cedex 2,,['Electricité (travaux)'],[105],non,non
20-130310,2020-10-27,2020-11-25,['64'],analyses des eaux de l'installation de stockage des déchets non dangereux du pôle de gestion des déchets d'orthez,fns,cmp2006,appeloffre,initial,Communauté de communes de Lacq-Orthez,64150,Mourenx,,"['Analyses médicales, biologiques']",[8],non,non
20-132303,2020-10-27,2020-11-26,['64'],Aménagement durable de la vallée de l'Uhabia - Etude de faisabilité et de programmation - Déclinaison et complétude de l'étude ADS en vue du lancement des missions de maîtrise d'oeuvre,fns,cmp2006,appeloffre,initial,Ville de Bidart,64210,BIDART,,['Etude'],[118],non,non
20-131884,2020-10-27,2020-11-27,"['64', '79', '31', '75', '92', '33']",ao - souscription des contrats d'assurance pour la commune,fns,cmp2006,appeloffre,initial,Ville de Cambo les Bains,64250,Cambo les Bains,,"['Assurance', 'Prestations de services']","[20, 274]",non,non
20-131856,2020-10-27,2020-11-27,['64'],Entretien et maintenance des postes de relèvement et stations d'épuration (2021-2022),fns,cmp2006,appeloffre,initial,SM EAU ET ASSAINISSEMENT GAVE ET BAÏSE,64360,Tarsacq,,"['Assainissement', 'Electromécanique', ""Station d'épuration (exploitation)""]","[18, 107, 335]",non,non
20-132131,2020-10-27,2020-11-23,['65'],GROUPE SCOLAIRE LA SENDERE MISE EN CONFORMITE ACCESSIBILITE ADAP,fns,cmp2006,appeloffre,initial,VILLE DE TARBES,65000,TARBES,,['Bâtiment'],[33],non,non
20-132218,2020-10-27,2020-11-18,['66'],FOURNITURE DE GAZ NATUREL POUR LES SITES DE LA VILLE DE CANET-EN-ROUSSILLON,fns,cmp2006,appeloffre,initial,Mairie de Canet en Roussillon,66145,Canet-en-Roussillon,,"['Electricité, gaz (fourniture)']",[443],non,non
20-132319,2020-10-27,2020-11-19,['66'],CONSTRUCTION DE DEUX BATIMENTS DE STOCKAGE,fns,cmp2006,appeloffre,initial,Ville du Soler,66270,LE SOLER,,"['Bâtiment', ""Tous corps d'état""]","[33, 345]",non,non
20-132232,2020-10-27,2020-11-23,"['67', '68', '57']","Fourniture et livraison de pneumatiques et prestations accessoires Lot 1- 2020F0256MPAOC : Poids lourdsLot 2 - 2020F0257MPAOC : véhicules légers jusqu'à 3,5 tonnes, utilitaires et engins",fns,cmp2006,appeloffre,initial,SDEA ALSACE MOSELLE,67013,Strasbourg cedex,,['Pneumatiques'],[271],non,oui
20-131837,2020-10-27,2020-11-27,['67'],Achat_de_materiaux_pour_les_ateliers,fns,cmp2006,appeloffre,initial,HOPITAUX UNIVERSITAIRES DE STRASBOURG,67091,Strasbourg cedex,,['Matériaux de construction'],[198],non,non
20-131218,2020-10-27,2020-12-31,['67'],AOO Transports sanitaires - CH SAVERNE,joue,directive24,attribution,initial,HOPITAUX UNIVERSITAIRES DE STRASBOURG,67091,Strasbourg Cedex,,"['Prestations de services', 'Transport']","[274, 347]",non,oui
20-132322,2020-10-27,2020-11-30,['67'],FOURNITURES DE BUREAU ET PAPIER DE REPROGRAPHIE ET D'IMPRESSION,fns,cmp2006,appeloffre,initial,Ville de Schiltigheim,67302,Schiltigheim,,"['Articles de bureau et articles scolaires', 'Papeterie']","[16, 262]",oui,oui
20-132083,2020-10-27,2020-11-30,['68'],Accord-cadre mono-attributaire à bons de commande pour l'achat de fournitures scolaires et petit matériel de bureau pour les écoles maternelles et élémentaires,fns,cmp2006,appeloffre,initial,VILLE DE COLMAR,68021,Colmar,,['Articles de bureau et articles scolaires'],[16],non,non
20-132358,2020-10-27,2020-11-16,['69'],Fourniture d'une thermoscelleuse 2 pistes automatique et d'une scelleuse ' au poste ' pneumatique,fns,cmp2006,appeloffre,initial,Ville de Lyon,69205,LYON,,['Equipements spécialisés'],[115],non,oui
20-132250,2020-10-27,2020-11-20,"['78', '91', '28', '27', '95', '45']",Désamiantage d'un ancien monastère afin de préparer les travaux de rénovation.Dossier à télécharger sur www.e-marchespublics.com,fns,cmp2006,appeloffre,initial,Entreprendre Humaniser Dépendance,69300,Caluire et Cuire,,['Amiante (désamiantage)'],[479],non,non
20-132044,2020-10-27,2020-11-30,['69'],TELESURVEILLANCE ET SURVEILLANCE DE SITES DES HOSPICES CIVILS DE LYON ET DU GCS BLANCHISSERIE INTER HOSPITALIERE,fns,cmp2006,appeloffre,initial,CHU Lyon,69373,Lyon cedex 08,,['Surveillance'],[331],non,non
20-131915,2020-10-27,2020-11-19,['69'],Travaux de remplacement des joints de chaussée et de trottoir ainsi que des travaux connexes de deux ouvrages situés sur la RN7 dans la traversée de la commune de l'Arbresle dans le département d,fns,cmp2006,appeloffre,initial,DIR-Centre Est,69446,Lyon,,"[""Ouvrage d'art""]",[252],non,non
20-132353,2020-10-27,2020-11-17,['69'],Maîtrise d'oeuvre pour le déploiement de GTB sur le réseau TCL,fns,cmp2006,appeloffre,rectificatif,SYTRAL,69487,Lyon,,"[""Maîtrise d'oeuvre"", 'Ingénierie']","[197, 455]",non,non
20-131927,2020-10-27,2020-12-07,['69'],Travaux de réhabilitation du collecteur d'assainissement visitable et de ses branchements -Route de Genas à Bron et Villeurbanne - 2 lots,fns,cmp2006,appeloffre,initial,Métropole de Lyon,69505,LYON,,['Assainissement'],[18],non,oui
20-132017,2020-10-27,2020-11-20,['69'],"conception, réalisation et mise en lumière de l'exposition -à la conquête du pouvoir- à lugdunum musée et théâtres romains",fns,cmp2006,appeloffre,initial,METROPOLE DE LYON,69505,LYON Cedex 03,,['Prestations de services'],[274],non,non
20-132217,2020-10-27,2020-11-18,['69'],Création et maintenance du réseau fibre optique de la Ville de Villeurbanne,fns,cmp2006,appeloffre,initial,Ville de Villeurbanne,69601,VILLEURBANNE,,"['Câblage', 'Fibre optique', 'Télécommunications', 'Informatique (maintenance serveurs et réseaux)']","[47, 133, 338, 454]",non,non
20-132041,2020-10-27,2020-11-30,['71'],la présente consultation a pour objet la passation d'un marché public d'assistance technique à maîtrise d'ouvrage pour le projet de nouvelle structure pédopsychiatrique infanto-juvénile à mâcon.,fns,cmp2006,attribution,initial,Centre Hospitalier Chalon sur Saône,71321,Chalon sur Saône,"[('2020-10-27', 'A2MO', (134650, 'EUR'), None)]","[""Assistance à maîtrise d'ouvrage""]",[433],non,non
20-132102,2020-10-27,2020-11-19,['73'],Prestations de maintenance préventive et corrective des extincteurs portatifs des bâtiments de l'Université Savoie Mont-Blanc sur l'ensemble de ses campus universitaires,fns,cmp2006,appeloffre,initial,Université Savoie Mont Blanc,73011,Chambéry cedex,,['Maintenance'],[196],non,non
20-131826,2020-10-27,2020-11-16,"['73', '38', '74', '69']",Déneigement des voies communales et des parkings sur l'ensemble de la Commune saison 2020/2021,fns,cmp2006,appeloffre,initial,Ville de Villarembert,73300,VILLAREMBERT,,['Déneigement'],[98],non,non
20-131879,2020-10-27,2021-01-24,['74'],Acquisition de matériels de nettoyage pour la direction des sports,fns,cmp2006,attribution,initial,Ville d'Annecy,74011,Annecy,"[('2020-10-15', 'ALPES ENTRETIEN DISTRIBUTION', (30000, 'EUR'), None)]",['Equipements spécialisés'],[115],non,non
20-132075,2020-10-27,2020-11-26,['74'],Prestations de service d'assurances 'risques statutaires du personnel' pour les besoins de la Commune de Fillinges,fns,cmp2006,appeloffre,initial,Ville de Fillinges,74250,FILLINGES,,['Assurance'],[20],non,non
20-132266,2020-10-27,2020-11-17,['75'],Impression de supports de communication institutionnelle pour la Cour des comptes,fns,cmp2006,appeloffre,initial,Cour des comptes,75001,Paris,,['Impression'],[160],non,non
20-132249,2020-10-27,2020-11-15,['75'],Marché de travaux d'installation des compteurs d'énergie et de climatisation des établissements publics au sein du Nouveau Forum des Halles - Paris 1er,fns,cmp2006,attribution,initial,SPL PARISEINE,75004,Paris,"[('2020-10-23', 'EIFFAGE ENERGIE SYSTEMES - CLEVIA IDF', (99970, 'EUR'), None)]",['Climatisation'],[62],non,non
20-132146,2020-10-27,2020-11-18,['75'],"Mission de diagnostic de vulnérabilité des Établissements Recevant des Travailleurs tertiaires de la de la Direction de l'Immobilier, de la Logistique et des Transports de la Ville de Paris expos",fns,cmp2006,appeloffre,initial,Ville de Paris,75004,Paris,,['Bâtiment'],[33],non,non
20-131573,2020-10-27,2020-11-19,['75'],"travaux de remplacement des régulateurs fx15 situés dans les locaux techniques des secteurs ouest, nord, sud et centre du campus pierre et marie curie",fns,cmp2006,appeloffre,initial,Sorbonne Université,75005,Paris,,['Equipements spécialisés'],[115],non,non
20-132255,2020-10-27,2020-11-23,['75'],"Travaux liés à la réalisation de l'exposition "" Modernités Suisses "" qui se déroulera au musée d'Orsay du 2 mars au 27 juin 2021.les travaux nécessaires à la réalisation de l'exposition",fns,cmp2006,appeloffre,rectificatif,ETS PUB DU MUS D ORSAY MUS ORANGERIE,75007,Paris,,"[""Tous corps d'état""]",[345],non,non
20-131220,2020-10-27,2020-12-25,"['75', '91', '92', '93', '94', '95', '78', '77', '67']",ASSISTANCE A MAITRISE D'OUVRAGE ET D'ANIMATION LIES A LA GOUVERNANCE ET A LA MISE EN OEUVRE DES FONDS EUROPEENS (PERIODES 2014-2020 ET 2021-2027),joue,directive24,attribution,initial,Agence nationale cohésion territoires,75007,Paris,,"['Etude', 'Prestations de services']","[118, 274]",non,oui
20-131864,2020-10-27,2020-11-10,"['75', '77', '78', '91', '92', '93', '94', '95']",Le marché a pour objet les travaux d'extension de la climatisation à tous les bureaux d'un immeuble.,fns,cmp2006,appeloffre,initial,SOVAFIM,75008,Paris,,['Climatisation'],[62],non,non
20-131958,2020-10-27,2020-11-27,['75'],mission d'assistance à maîtrise d'ouvrage pour l'évaluation de la gouvernance du pduif,fns,cmp2006,appeloffre,initial,Ile de France Mobilités,75009,Paris,,"[""Assistance à maîtrise d'ouvrage""]",[433],non,non
20-132304,2020-10-27,2020-12-01,['75'],Le présent-accord-cadre a pour objet la réalisation de prestations de formations à l'accueil du public à destination des agents du Centre d'Action Sociale de la Ville de Paris.,fns,cmp2006,appeloffre,initial,CAS-VP,75012,Paris,,['Formation'],[410],non,non
20-132278,2020-10-27,2020-11-24,"['75', '77', '78', '91', '92', '93', '94', '95']",Étude de diagnostic territorial portant sur le plastique,mapa,cmp2006,appeloffre,initial,Ville de Paris - DGJOPGE,75012,Paris,,"['Assistance technique', 'Etude', 'Prestations de services', ""Assistance à maîtrise d'ouvrage""]","[19, 118, 274, 433]",oui,oui
20-131930,2020-10-27,2020-11-20,['75'],Numéro de la consultation : 2020DSI0005 FOURNITURE MATERIELS RESEAUX ET SERVICE WIFI AVEC PRESTATIONS ASSOCIES,fns,cmp2006,appeloffre,initial,REGIE IMMOBILIERE DE LA VILLE DE PARIS,75013,Paris,,['Informatique (maintenance serveurs et réseaux)'],[454],non,non
20-131996,2020-10-27,2020-11-23,['75'],Numéro de la consultation : 2020DSI0007 PRESTATION ASSISTANCE TECHNIQUE D'ADMINISTRATION DES RESEAUX ET TELECOMS,fns,cmp2006,appeloffre,initial,REGIE IMMOBILIERE DE LA VILLE DE PARIS,75013,Paris,,"['Informatique (prestations de services)', 'Informatique (assistance)']","[163, 453]",non,non
20-132349,2020-10-27,2020-11-20,['75'],"la fourniture de titres-restaurant d'une valeur de 8,50 euros sous forme de chéquiers nominatifs au bénéfice des personnels de l'Hadopi (dont les effectifs sont plafonnés à 65 agents maximum",mapa,cmp2006,appeloffre,initial,HADOPI,75014,Paris,,['Titres restaurant'],[416],non,non
20-132164,2020-10-27,2020-12-07,['75'],Mission d'étude de faisabilité relative à l'amélioration des performances énergétique du bâtiment abritant le Musée du Luxembourg.,mapa,cmp2006,appeloffre,initial,SENAT,75291,Paris cedex 06,,['Assistance technique'],[19],non,non
20-131808,2020-10-27,2020-12-01,['75'],Le présent accord-cadre a pour objet la réalisation de prestations de recours contre tiers auprès des assureurs des tiers responsables des accidents de service ou de trajet causés sur la personne d..,fns,cmp2006,appeloffre,initial,CAS-VP,75589,Paris cedex 12,,['Assistance juridique'],[434],non,non
20-131093,2020-10-27,2020-11-30,"['75', '93']","Aménagement du système d'échangeurs de Pleyel (A86) et de la Porte de Paris (A1) à Saint-Denis (93) - Mission "" Responsable Sécurité Opérationnelle "" (RSO)",joue,directive24,appeloffre,initial,MEEDDM,75732,Paris cedex 15,,['Prestations de services'],[274],non,non
20-132224,2020-10-27,2021-01-24,['76'],Choix d'un cabinet d'avocat pour la mise en place et le suivi d'un programme Euro Medium Term Notes (EMTN),fns,cmp2006,attribution,initial,Département de Seine-Maritime,76101,ROUEN CEDEX,"[('2020-10-06', 'FIDAL', (110000, 'EUR'), None)]",['Assistance juridique'],[434],non,non
20-131937,2020-10-27,2021-01-24,['76'],CONTROLE TECHNIQUE VEHICULES LEGERS,fns,cmp2006,attribution,initial,Département de Seine Maritime,76101,ROUEN Cedex,,['Prestations de services'],[274],non,non
20-131880,2020-10-27,2021-01-24,['76'],Contrôle technique des poids lourds,mapa,cmp2006,attribution,initial,Département de Seine Maritime,76101,ROUEN Cedex,,['Contrôle technique'],[72],non,non
20-131934,2020-10-27,2020-11-16,['76'],La présente consultation concerne la fourniture et la livraison de matériel pédagogique pour la Ville de Grand Quevilly,fns,cmp2006,appeloffre,initial,COMMUNE DE LE GRAND QUEVILLY,76120,Grand Quevilly,,['Articles de bureau et articles scolaires'],[16],non,non
20-132114,2020-10-27,2020-11-27,['76'],Fauchage et entretien manuel des chemins de randonnée - 2021-2025,fns,cmp2006,appeloffre,initial,Communauté d'Agglomération Caux vallée,76170,Lillebonne,,['Prestations de services'],[274],non,non
20-132054,2020-10-27,2020-12-27,['76'],réalisation d'ouvrages d'hydraulique douce sur le bassin d'alimentation du captage de norville,fns,cmp2006,attribution,initial,Communauté d'Agglomération Caux vallée,76170,Lillebonne,,"['Alimentation en eau potable', 'Captage', 'Espaces verts', 'Terrassement']","[6, 51, 116, 341]",non,non
20-132103,2020-10-27,2020-12-27,['76'],"Travaux d'entretien courant, de voiries et de réseaux divers du port de diepperéférence dossier : div-140 20/02",fns,cmp2006,attribution,initial,Syndicat Mixte Ports de Normandie,76201,Dieppe cédex,,['Voirie et réseaux divers'],[366],non,non
20-132036,2020-10-27,2021-01-01,['78'],"Le principe de cette consultation est de conclure des accords-cadres pour la fourniture de vêtements, chaussures et équipements de travail destinés à équiper le personnel de SITREVA et celui du cen..",fns,cmp2006,attribution,initial,SITREVA,78120,Rambouillet,"[('2020-10-26', 'Créastyle pro', (70000, 'EUR'), None), ('2020-10-20', 'Mabéo Industries', (50000, 'EUR'), None), ('2020-10-20', 'Mabéo Industries', (70000, 'EUR'), None)]","['Chaussures ou articles chaussants', 'Equipements spécialisés', 'Habillement']","[79, 115, 150]",non,non
20-131953,2020-10-27,2020-12-28,['78'],Fourniture de sel de déneigement et de déverglaçant,fns,cmp2006,appeloffre,initial,COMMUNE DE VELIZY VILLACOUBLAY,78146,Vélizy-villacoublay cedex,,['Sel de déneigement'],[320],non,non
20-132331,2020-10-27,2020-11-28,"['78', '75', '77', '92', '93', '94']",Mise à disposition de lasers (Excimer et Femtoseconde) avec fourniture des consommables associés pour la chirurgie réfractive et location d'un topographe couplé au laser,fns,cmp2006,appeloffre,initial,Centre Hospitalier de Versailles,78157,Chesnay-rocquencourt,,['Location (matériels)'],[185],non,non
20-132053,2020-10-27,2020-11-19,['78'],Fourniture et acheminement de gaz pour la ville de vernouillet,fns,cmp2006,appeloffre,initial,Ville de vernouillet,78540,Vernouillet,,['Gaz divers'],[139],non,non
20-132006,2020-10-27,2020-11-13,['79'],Marché de service pour la prestation de veille et panorama de presse pour les besoins du SIEDS.,mapa,cmp2006,appeloffre,initial,SIEDS,79028,Niort Cedex,,"[""Assistance à maîtrise d'ouvrage""]",[433],non,oui
20-131338,2020-10-27,2020-12-04,['80'],animation et suivi dispositif 'defi familles-zero gaspi' 4ème édition,mapa,cmp2006,appeloffre,initial,COMMUNAUTE AGGLO AMIENS METROPOLE,80000,Amiens,,['Assistance technique'],[19],non,non
20-132314,2020-10-27,2020-11-20,['82'],Location d'un véhicule polybenne avec remorque,mapa,cmp2006,appeloffre,initial,SMEEOM de la Moyenne Garonne,82340,AUVILLAR,,['Véhicules (location)'],[474],non,non
20-132286,2020-10-27,2020-11-13,"['83', '13']","Fourniture, mise en oeuvre et maintenance d'une solution RFID pour la médiathèque départementale du Var",mapa,cmp2006,appeloffre,initial,Conseil Général du Var,83000,TOULON,,['Logiciel'],[186],non,non
20-131987,2020-10-27,2020-11-23,['83'],20MAP35 Prestations de maîtrise d'oeuvre pour la construction d'un bâtiment modulaire pour la Capitainerie de Toulon,fns,cmp2006,appeloffre,initial,Métropole Toulon Provence Méditerranée,83041,TOULON,,['Etude'],[118],non,non
20-131894,2020-10-27,2020-12-10,['83'],"Travaux d'impression et de façonnage pour le Parc national de Port-Cros (3 lots : offset, numérique, et impression d'ouvrage)",fns,cmp2006,appeloffre,initial,Parc national de Port-Cros,83400,Hyeres,,['Impression'],[160],non,non
20-132287,2020-10-27,2020-11-27,['83'],"Location et entretien de 8 véhicules : hybride, particuliers électriques, utilitaires, société et reprise de 13 véhicules",fns,cmp2006,appeloffre,initial,Commune de Saint-Raphaël,83700,Saint-Raphaël,,['Véhicules'],[359],non,non
20-132043,2020-10-27,2020-12-27,['84'],"La présente consultation concerne l approvisionnement des services et des sites de la CCI de Vaucluse en fournitures de bureau, consommables informatiques et supports de reproduction.",fns,cmp2006,appeloffre,initial,CCI de Vaucluse,84000,Avignon,,['Articles de bureau et articles scolaires'],[16],non,non
20-132002,2020-10-27,2021-01-24,['84'],Fourniture et acheminement d'électricité et services associés,fns,cmp2006,attribution,initial,COMMUNAUTE TERRITORIALE DU SUD LUBERON,84240,LA TOUR D AIGUES,,"['Electricité, gaz (fourniture)']",[443],non,oui
20-123081,2020-10-27,2020-11-24,['85'],Travaux de voirie,fns,cmp2006,appeloffre,initial,Mairie de Saint-Gilles-Croix-de-Vie,85800,Saint-Gilles-Croix-de-Vie,,"['Terrassement', 'Voirie']","[341, 365]",non,non
20-131975,2020-10-27,2020-11-23,['86'],"Mise en propreté du Grand Atelier, musée d'art et d'industrie et des réserves Reibel",mapa,cmp2006,appeloffre,initial,CA DE GRAND CHATELLERAULT,86100,Châtellerault,,['Nettoyage de locaux'],[239],non,non
20-132050,2020-10-27,2020-11-26,['86'],Transport scolaire routier à l'attention des écoles publiques de Châtellerault dans le cadre des activités éducatives,fns,cmp2006,attribution,initial,CAISSE DES ECOLES,86106,Châtellerault,"[('2020-10-06', 'TRANSDEV POITOU CHARENTES', (150000, 'EUR'), None)]",['Transport'],[347],non,non
20-132214,2020-10-27,2020-11-30,['87'],FOUILLES ARCHEOLOGIQUES PREVENTIVES SAINT PANTALEON DE LARCHE - CORREZE,fns,cmp2006,appeloffre,initial,LE FOYER,87000,LIMOGES,,['Fouille archéologique'],[450],non,non
20-132316,2020-10-27,2020-11-16,['91'],Numéro de la consultation : 20-017000000 Mission de contrôle technique de l'installation de valorisation énergétique du site épuratoire EXONA-EVRY,mapa,cmp2006,appeloffre,initial,SIARCE,91100,Corbeil-Essonnes,,['Contrôle technique'],[72],non,non
20-132308,2020-10-27,2020-11-19,['91'],Avis de mise en concurrence pour le marché de travaux de mise en compatibilité d'une conduite d'eau potable DN400 située à Saclay (91) avec la réalisation de la ligne 18 du Grand Paris Expre,fns,cmp2006,appeloffre,initial,EAU DU SUD PARISIEN,91230,Montgeron,,['Alimentation en eau potable'],[6],non,non
20-132071,2020-10-27,2021-01-24,['91'],Marchés d'espaces verts,fns,cmp2006,attribution,initial,Commune de Montlhéry,91310,MONTLHERY,"[('2020-10-07', 'QUENOUILLE', (60566.06, 'EUR'), None), ('2020-10-07', 'Société Nouvelle Etienne PELLE', (40000, 'EUR'), None)]",['Espaces verts'],[116],non,non
20-132190,2020-10-27,2020-11-23,['91'],MISSION DE MAITRISE D'OEUVRE RÉNOVATION DE LA CUISINE CENTRALE PERRAY VAUCLUSE,fns,cmp2006,appeloffre,initial,Ville de Sainte Geneviève des Bois,91711,Sainte geneviève des bois cedex,,"[""Maîtrise d'oeuvre""]",[197],non,non
20-132237,2020-10-27,2020-11-26,['92'],Création d'une liaison à Gennevilliers entre la ZAC des Louvresses et la Gare,fns,cmp2006,appeloffre,rectificatif,Cons. Départ. des Hauts-de-Seine,92000,Nanterre,,"[""Ouvrage d'infrastructure""]",[253],non,non
20-131758,2020-10-27,2020-11-16,"['92', '75']",services bancaires (2 lots),fns,cmp2006,appeloffre,initial,OFFICE PUBLIC HABITAT NANTERRE,92000,Nanterre,,['Prestations de services'],[274],non,non
20-132147,2020-10-27,2020-11-10,"['92', '75']",Observatoire 2021 du prix de l'eau sur le bassin Seine-Normandie,fns,cmp2006,appeloffre,rectificatif,Agence de l'eau Seine-Normandie,92027,Nanterre cedex,,['Etude'],[118],non,non
20-132058,2020-10-27,2020-11-17,['92'],résidentialisation de la résidence timbaud,fns,cmp2006,appeloffre,initial,OPHLM de Courbevoie,92400,courbevoie,,['Bâtiment'],[33],non,non
20-131967,2020-10-27,2021-01-20,['93'],La présente consultation a pour objet des prestations de surveillance médicale et prévention des salariés de la CPAM de la Seine-Saint-Denis.,fns,cmp2006,appeloffre,initial,CPAM de la Seine-Saint-Denis,93014,Bobigny cedex,,['Sanitaire'],[319],oui,oui
20-131874,2020-10-27,2020-11-20,['93'],"Travaux de désamiantage et démolition de six bâtiments sis 13, 23, 25, 27, 31, 33, 35 et 37 chemin Latéral à Bondy.Le marché comporte une tranche ferme et trois tranches optionnelles (TRO).Les tr..",fns,cmp2006,appeloffre,initial,SEQUANO Aménagement,93022,Bobigny cedex,,['Démolition'],[87],non,non
20-131809,2020-10-27,2020-12-27,['93'],Le présent accord-cadre a pour objet la réalisation de travaux de signalisation au sol sur le territoire de la commune de Montfermeil.,fns,cmp2006,appeloffre,annulation,COMMUNE DE MONTFERMEIL,93370,Montfermeil,,['Voirie'],[365],non,non
20-131957,2020-10-27,2020-11-20,['93'],"Travaux de désamiantage, de déconstruction et de démolition de l'école maternelle Jules Ferry",fns,cmp2006,attribution,initial,COMMUNE DE MONTFERMEIL,93370,Montfermeil,"[('2020-05-11', '4 d', (107959.5, 'EUR'), None), ('2020-05-11', '4 d', (227600, 'EUR'), None)]","['Démolition', 'Amiante (désamiantage)']","[87, 479]",non,non
20-131952,2020-10-27,2020-11-20,['93'],Le présent marché a pour objet la réalisation d'une étude de l'état phytosanitaire du patrimoine arboré situé sur l'ensemble de la ville de Montfermeil.,fns,cmp2006,attribution,initial,COMMUNE DE MONTFERMEIL,93370,Montfermeil,,['Etude'],[118],non,non
20-131946,2020-10-27,2020-11-20,['93'],Travaux de création d'un parking à l'angle des rues Notre Dame des Anges et Général De Gaulle,fns,cmp2006,attribution,initial,COMMUNE DE MONTFERMEIL,93370,Montfermeil,"[('2020-07-29', 'RVTP', (222062, 'EUR'), None), ('2020-07-29', 'Eiffage énergie systèmes Ile de France', (13465.6, 'EUR'), None), ('2020-07-29', 'Loiseleur paysage', (14462.45, 'EUR'), None)]",['Voirie et réseaux divers'],[366],non,non
20-132296,2020-10-27,2020-11-25,"['75', '78', '92', '95']",Travaux de remplacement total de l'ascenseur toutes sujétions comprises au Lycée Jules Siegfried à Paris (75010),fns,cmp2006,appeloffre,initial,REGION ILE DE FRANCE,93400,Saint-ouen,,['Bâtiment'],[33],non,non
20-132143,2020-10-27,2020-12-31,['93'],REALISATION DE DIAGNOSTICS TECHNIQUES REGLEMENTAIRE PREALABLES A UNE TRANSACTION IMMOBILIERE OU UNE MISE EN LOCATION DE BIEN IMMOBILIER DE LA VILLE D'AULNAY-SOUS-BOIS - ANNEE 2020 RENOUVELABLE EV,fns,cmp2006,appeloffre,rectificatif,Ville d'Aulnay-sous-Bois,93600,Aulnay-sous-bois cedex,,['Etude'],[118],non,non
20-132301,2020-10-27,2020-12-26,['94'],MAINTENANCE DES INSTALLATIONS ELECTRIQUES ET DU GROUPE ELECTROGENE DE L'HÔPITAL ALBERT CHENEVIER,fns,cmp2006,appeloffre,initial,ASSISTANCE PUBLIQUE HOPITAUX DE PARIS,94010,Créteil cedex,,['Maintenance'],[196],non,non
20-131951,2020-10-27,2020-12-19,['94'],Le présent marché a pour objet la réalisation d'un état des lieux et une évaluation des effets socio-économique de mesures de préservation du milieu marin sur la filière pêche professionnelle dan,fns,cmp2006,appeloffre,initial,OFFICE FRANCAIS DE LA BIODIVERSITE,94300,Vincennes,,['Etude'],[118],non,oui
20-131811,2020-10-27,2020-12-27,['94'],Maintenance des équipements d'alarme et de détection incendie des bâtiments communaux,fns,cmp2006,attribution,initial,Ville de Villiers-sur-Marne,94350,Villiers-sur-marne,"[('2020-10-26', 'SAS YCARS', (7985.49, 'EUR'), None)]",['Alarme'],[5],non,non
20-132045,2020-10-27,2020-11-27,"['94', '75']",Travaux de menuiserie en PVC métallique et de serrurerie,fns,cmp2006,appeloffre,initial,Ville de Valenton,94460,Valenton,,"['Menuiserie', 'Serrurerie']","[222, 321]",non,non
20-132272,2020-10-27,2020-11-24,"['94', '75', '91', '92', '93', '95', '77']",VÉRIFICATIONS PÉRIODIQUES RÈGLEMENTAIRESDES ÉQUIPEMENTS ET INSTALLATIONS DANS LES BÂTIMENTS DE LA VILLE DE VILLEJUIF,fns,cmp2006,appeloffre,initial,COMMUNE DE VILLEJUIF,94807,Villejuif cedex,,['Contrôle technique'],[72],non,non
20-132233,2020-10-27,2020-11-09,['95'],Fournitures et prestations de service de communication M2M pour le réseau de vidéoprotection de la communauté d'agglomération Plaine Vallée,mapa,cmp2006,appeloffre,initial,CA Plaine Vallée,95230,Soisy-sous-montmorency,,['Télécommunications'],[338],non,non
20-131878,2020-10-27,2020-11-12,['95'],Numéro de la consultation : 2020-13 Mission de maîtrise d'oeuvre pour un chantier de construction du centre technique municipal de la ville d'Ecouen,fns,cmp2006,appeloffre,rectificatif,COMMUNE DE ECOUEN,95440,ECOUEN,,"[""Maîtrise d'oeuvre""]",[197],non,non
20-131980,2020-10-27,2020-12-18,"['95', '91', '94']",Mise en oeuvre d'un ouvrant de désenfumage à la tour de contrôle d'orly,mapa,cmp2006,appeloffre,initial,SNA Région Parisienne,95931,Roissy cdg cedex,,"['Bâtiment', 'Génie civil']","[33, 141]",oui,oui
20-132337,2020-10-27,2020-11-26,['971'],Construction et équipement de la déchèterie de Terre de Bas,fns,cmp2006,appeloffre,initial,Semsamar (971),97122,Baie-Mahault,,"['Bâtiment', 'Déchetterie (travaux)', 'Voirie et réseaux divers']","[33, 96, 366]",oui,oui
20-132335,2020-10-27,2020-11-20,"['971', '972']",aménagement des abords de la mairie - esplanade,mapa,cmp2006,appeloffre,initial,COMMUNE DE BAILLIF,97123,Baillif,,"['Arrosage', 'Eclairage public', 'Espaces verts', 'Mobilier urbain', 'Protection, chutes de pierres', 'Réseaux divers', 'Végétaux', 'Voirie']","[13, 102, 116, 231, 288, 306, 358, 365]",non,non
20-132076,2020-10-27,2020-11-27,['972'],"Assistance à Maîtrise d'Ouvrage pour le projet de construction d'un second accès à Terreville, Schoelcher (97233",mapa,cmp2006,appeloffre,initial,Cté d'Agglo du centre de la Martinique,97204,Fort de france cedex martinique,,['Etude'],[118],non,non
20-132040,2020-10-27,2020-12-27,['972'],travaux de renforcement parasismique de l'école mixte b à rivière-salée,fns,cmp2006,attribution,initial,Commune de Rivière-Salée,97215,Rivière-Salée,,"['Charpente', 'Electricité (travaux)', 'Gros oeuvre', 'Menuiserie', 'Peinture (travaux)', 'Plomberie (travaux)', 'Revêtements de sols', 'Revêtements muraux', 'Serrurerie']","[57, 105, 144, 222, 264, 270, 308, 309, 321]",non,non
20-132348,2020-10-27,2020-12-10,['973'],FOURNITURE ET POSE DE BACS POUR LE TRI SELECTIF - AEROGARE,fns,cmp2006,appeloffre,initial,CCI de Guyane,97321,Cayenne cedex,,['Produits de récupération'],[277],non,non
20-132277,2020-10-27,2020-11-26,['973'],"Fourniture d'un véhicule camionnette-bureau neuf dénommé ""Bus France Services"" pour la commune de MATOURY.",fns,cmp2006,appeloffre,initial,COMMUNE DE MATOURY,97351,Matoury,,['Véhicules (acquisition)'],[475],non,non
20-131825,2020-10-27,2020-11-26,['974'],mission d'assistance au maître d'ouvrage pour définir un référentiel de qualité de la mission entretien-maintenance des collèges et les solutions de gestion correspondantes,mapa,cmp2006,appeloffre,initial,Département de la Réunion,97400,Saint-Denis,,['Prestations de services'],[274],non,non
20-132051,2020-10-27,2020-11-26,['976'],"DIAGNOSTIC DU PARC DES INSTALLATIONS D'ASSAINISSEMENT NON COLLECTIF A L'ÉCHELLE DE LA COMMUNAUTÉ DE COMMUNES DE PETITE-TERRE / MISSION D'ÉTUDE ET D'ASSISTANCE TECHNIQUE, JURIDIQUE",fns,cmp2006,attribution,initial,COMMUNAUTE DE COMMUNES DE PETITE TERRE,97615,Pamandzi - cedex,[],['Etude'],[118],non,oui
