BOAMP_AVIS_NUM,D_08_01_Attribution_Totalementinfructueux,D_08_02_Attribution_Sanssuite,D_08_03_Attribution_Attribuecomportelotinfructueux,D_08_04_Attribution_Attribueparlotsmarches,D_08_05_01_Attribution_Valeurtotale_Value,D_08_05_02_Attribution_Valeurtotale_Devise,D_08_06_01_Attribution_Offrebasse_Value,D_08_06_02_Attribution_Offrebasse_Devise,D_08_07_01_Attribution_Offreelevee_Value,D_08_07_02_Attribution_Offreelevee_Devise,D_08_08_Attribution_Datedecision,D_08_09_01_Attribution_Decision_Attribue,D_08_09_02_Attribution_Decision_Infructueux,D_08_09_03_Attribution_Decision_Sanssuite,D_08_09_04_Attribution_Decision_Nummarche,D_08_09_05_Attribution_Decision_Numlot,D_08_09_06_Attribution_Decision_Intitule,D_08_09_07_Attribution_Decision_Description,D_08_09_08_Attribution_Decision_Autresinformations,D_08_09_09_Attribution_Decision_Publicationjoue,D_08_09_10_01_Attribution_Decision_Titulaireandrenseignement_Denomination,D_08_09_10_02_Attribution_Decision_Titulaireandrenseignement_Codeidentnational,D_08_09_10_03_Attribution_Decision_Titulaireandrenseignement_Correspondant,D_08_09_10_04_Attribution_Decision_Titulaireandrenseignement_Adresse,D_08_09_10_05_Attribution_Decision_Titulaireandrenseignement_Cp,D_08_09_10_06_Attribution_Decision_Titulaireandrenseignement_Ville,D_08_09_10_07_Attribution_Decision_Titulaireandrenseignement_Codenuts,D_08_09_10_08_Attribution_Decision_Titulaireandrenseignement_Pays,D_08_09_10_09_Attribution_Decision_Titulaireandrenseignement_Tel,D_08_09_10_10_Attribution_Decision_Titulaireandrenseignement_Poste,D_08_09_10_11_Attribution_Decision_Titulaireandrenseignement_Fax,D_08_09_10_12_Attribution_Decision_Titulaireandrenseignement_Mel,D_08_09_10_13_Attribution_Decision_Titulaireandrenseignement_Url,D_08_09_10_14_Attribution_Decision_Titulaireandrenseignement_Pmeoui,D_08_09_10_15_Attribution_Decision_Titulaireandrenseignement_Pmenon,D_08_09_10_16_Attribution_Decision_Titulaireandrenseignement_Dateattribution,D_08_09_10_17_Attribution_Decision_Titulaireandrenseignement_Nboffrerecu,D_08_09_10_18_Attribution_Decision_Titulaireandrenseignement_Nboffrerecupme,D_08_09_10_19_Attribution_Decision_Titulaireandrenseignement_Nboffrerecuue,D_08_09_10_20_Attribution_Decision_Titulaireandrenseignement_Nboffrerecunonue,D_08_09_10_21_Attribution_Decision_Titulaireandrenseignement_Nboffrerecuelect,D_08_09_10_22_Attribution_Decision_Titulaireandrenseignement_Groupementeconomique,D_08_09_10_23_Attribution_Decision_Titulaireandrenseignement_Montantindefini,D_08_09_10_24_01_Attribution_Decision_Titulaireandrenseignement_Estimationinitiale_Value,D_08_09_10_24_02_Attribution_Decision_Titulaireandrenseignement_Estimationinitiale_Devise,D_08_09_10_25_01_Attribution_Decision_Titulaireandrenseignement_Montant_Value,D_08_09_10_25_02_Attribution_Decision_Titulaireandrenseignement_Montant_Devise,D_08_09_10_26_01_Attribution_Decision_Titulaireandrenseignement_Montantmini_Value,D_08_09_10_26_02_Attribution_Decision_Titulaireandrenseignement_Montantmini_Devise,D_08_09_10_27_01_Attribution_Decision_Titulaireandrenseignement_Montantmaxi_Value,D_08_09_10_27_02_Attribution_Decision_Titulaireandrenseignement_Montantmaxi_Devise,D_08_09_10_28_Attribution_Decision_Titulaireandrenseignement_Nbannee,D_08_09_10_29_Attribution_Decision_Titulaireandrenseignement_Nbmois,D_08_09_10_30_Attribution_Decision_Titulaireandrenseignement_Trancheconditionnelle,D_08_09_10_31_Attribution_Decision_Titulaireandrenseignement_Trancheferme,D_08_09_10_32_01_Attribution_Decision_Titulaireandrenseignement_Offrebasse_Value,D_08_09_10_32_02_Attribution_Decision_Titulaireandrenseignement_Offrebasse_Devise,D_08_09_10_33_01_Attribution_Decision_Titulaireandrenseignement_Offreelevee_Value,D_08_09_10_33_02_Attribution_Decision_Titulaireandrenseignement_Offreelevee_Devise,D_08_09_10_34_01_Attribution_Decision_Titulaireandrenseignement_Redevancevaleur_Value,D_08_09_10_34_02_Attribution_Decision_Titulaireandrenseignement_Redevancevaleur_Devise,D_08_09_10_35_01_Attribution_Decision_Titulaireandrenseignement_Avantagevaleur_Value,D_08_09_10_35_02_Attribution_Decision_Titulaireandrenseignement_Avantagevaleur_Devise,D_08_09_10_36_Attribution_Decision_Titulaireandrenseignement_Infovaleur,D_08_09_10_37_01_01_Attribution_Decision_Titulaireandrenseignement_Soustraitanceoui_Valeur_Value,D_08_09_10_37_01_02_Attribution_Decision_Titulaireandrenseignement_Soustraitanceoui_Valeur_Devise,D_08_09_10_37_02_Attribution_Decision_Titulaireandrenseignement_Soustraitanceoui_Proportion,D_08_09_10_37_03_Attribution_Decision_Titulaireandrenseignement_Soustraitanceoui_Inconnue,D_08_09_10_37_04_Attribution_Decision_Titulaireandrenseignement_Soustraitanceoui_Description,D_08_09_10_37_05_Attribution_Decision_Titulaireandrenseignement_Soustraitanceoui_Sstraitprocconc,D_08_09_10_37_06_Attribution_Decision_Titulaireandrenseignement_Soustraitanceoui_Partsstraitprocconc,D_08_09_10_38_Attribution_Decision_Titulaireandrenseignement_Soustraitancenon,D_08_09_10_39_01_Attribution_Decision_Titulaireandrenseignement_Prixachatopportunite_Value,D_08_09_10_39_02_Attribution_Decision_Titulaireandrenseignement_Prixachatopportunite_Devise,D_08_09_10_40_Attribution_Decision_Titulaireandrenseignement_Nbmarcheattribue,D_08_09_10_41_Attribution_Decision_Titulaireandrenseignement_Paysorigine,D_08_09_10_42_Attribution_Decision_Titulaireandrenseignement_Variantesoui,D_08_09_10_43_Attribution_Decision_Titulaireandrenseignement_Variantesnon,D_08_09_10_44_Attribution_Decision_Titulaireandrenseignement_Offrebassenonretenueoui,D_08_09_10_45_Attribution_Decision_Titulaireandrenseignement_Offrebassenonretenuenon,D_08_09_10_46_Attribution_Decision_Titulaireandrenseignement_Concoursnbparticipant,D_08_09_10_47_Attribution_Decision_Titulaireandrenseignement_Concoursnbparticipantetr,D_08_09_10_48_01_Attribution_Decision_Titulaireandrenseignement_Concoursprime_Value,D_08_09_10_48_02_Attribution_Decision_Titulaireandrenseignement_Concoursprime_Devise,D_08_09_10_49_Attribution_Decision_Titulaireandrenseignement_Coutopportunite,D_08_10_Attribution_Justificationpasconcurrence
19-130881,False,False,False,False,,None,,None,,None,,True,False,False,K90203,None,"Fourniture, installation, mise en service et exploitation d'une station hydrogène",None,None,False,SPIE Industrie &amp; Tertiaire,440 055 861 00312,None,4 avenue Jean Jaurés - BP 19,69320,Feyzin,FRK26,None,(+33) 4-37-54-43-00,None,(+33) 4-37-54-43-03,fabien.bercet@spie.com,None,False,True,2019-07-28,1,,,,1,True,False,,None,437000.0,EUR,,None,,None,,,None,None,,None,,None,,None,,None,None,,None,None,None,None,None,None,True,,None,None,None,None,None,None,None,None,None,,None,None,None
19-130881,False,False,False,False,,None,,None,,None,,True,False,False,K90203,None,"Fourniture, installation, mise en service et exploitation d'une station hydrogène",None,None,False,Mc Phy Energy SA,502 205 917 00011,None,1115 route de Saint Thomas,26190,La Motte Fanjas,FRK23,None,(+33) 6-88-17-62-20,None,None,pierre.lombard@mcphy.com,None,True,False,2019-07-28,1,,,,1,True,False,,None,437000.0,EUR,,None,,None,,,None,None,,None,,None,,None,,None,None,,None,None,None,None,None,None,True,,None,None,None,None,None,None,None,None,None,,None,None,None
19-130881,False,False,False,False,,None,,None,,None,,True,False,False,K90203,None,"Fourniture, installation, mise en service et exploitation d'une station hydrogène",None,None,False,GCMI,439 358 565 00034,None,Parc Eco-Normandie - BP 20,76430,St Romain de Colboscs,FR101,None,(+33) 6-83-67-17-86,None,None,None,None,False,True,2019-07-28,1,,,,1,True,False,,None,437000.0,EUR,,None,,None,,,None,None,,None,,None,,None,,None,None,,None,None,None,None,None,None,True,,None,None,None,None,None,None,None,None,None,,None,None,None
19-133313,False,False,False,False,,None,,None,,None,,True,False,False,2019-009,None,Exploitation et maintenance des installations thermiques du CRP de Béterette,None,None,False,DALKIA,None,None,151 rue du Poumet,64170,ARTIX,FRI,None,(+33) 5-59-53-98-10,None,None,aurelie.labadiole@dalkia.fr,None,False,True,2019-08-18,2,,,,2,False,False,,None,205565.96,EUR,,None,,None,,,None,None,,None,,None,,None,,None,None,,None,None,None,None,None,None,True,,None,None,None,None,None,None,None,None,None,,None,None,None
19-146516,False,False,False,False,,None,,None,,None,,True,False,False,None,None,ACCORD-CADRE A BONS DE COMMANDES POUR DES MISSIONS D'ETUDES ET DE MAITRISE D'OEUVRE RELATIVES AUX TRAVAUX SUR LES INFRASTRUCTURES EAU POTABLE ET ASSAINISSEMENT DE LA CARF ,None,None,False,TPF INGENIERIE SAS,420 606 188 00514,None,4 Chemin du Château Saint Pierre - CS 50531,06359,Nice cedex 4,FRL03,None,(+33) 4-93-27-66-30,None,None,commercial-nca@tpfi.fr,None,False,True,2019-09-29,6,,,,,True,False,1500000.0,EUR,1500000.0,EUR,,None,,None,,,None,None,,None,,None,,None,,None,None,,None,None,None,None,None,None,True,,None,None,None,None,None,None,None,None,None,,None,None,None
19-146516,False,False,False,False,,None,,None,,None,,True,False,False,None,None,ACCORD-CADRE A BONS DE COMMANDES POUR DES MISSIONS D'ETUDES ET DE MAITRISE D'OEUVRE RELATIVES AUX TRAVAUX SUR LES INFRASTRUCTURES EAU POTABLE ET ASSAINISSEMENT DE LA CARF ,None,None,False,CABINET MERLIN ,None,None,19 RUE ALPHONSE 1ER ,06200,Nice,FRL03,None,None,None,None,None,None,False,True,2019-09-29,6,,,,,True,False,1500000.0,EUR,1500000.0,EUR,,None,,None,,,None,None,,None,,None,,None,,None,None,,None,None,None,None,None,None,True,,None,None,None,None,None,None,None,None,None,,None,None,None
19-146516,False,False,False,False,,None,,None,,None,,True,False,False,None,None,ACCORD-CADRE A BONS DE COMMANDES POUR DES MISSIONS D'ETUDES ET DE MAITRISE D'OEUVRE RELATIVES AUX TRAVAUX SUR LES INFRASTRUCTURES EAU POTABLE ET ASSAINISSEMENT DE LA CARF ,None,None,False,GROUPEMENT SUEZ CONSULTING - SAFEGE SAS ,None,None,Avenue Emmanuel Pontrémoll,06200,Nice la Plaine Bat FI,FRL03,None,None,None,None,None,None,False,True,2019-09-29,6,,,,,True,False,1500000.0,EUR,1500000.0,EUR,,None,,None,,,None,None,,None,,None,,None,,None,None,,None,None,None,None,None,None,True,,None,None,None,None,None,None,None,None,None,,None,None,None
19-146694,False,False,False,False,,None,,None,,None,,True,False,False,2019-17,None,EXPLOITATION DE 6 STATIONS D'EPURATION ET DE 9 POSTES DE RELEVAGE ET PRESTATIONS PONCTUELLES SUR 6 STATIONS D'EPURATION DE LA CARF SUTE A DECLARATION SANS SUITE DU MARCHE 2019-05,None,None,False,GROUPEMENT VEOLIA EAU - CIE GENERALE DES EAUX ET SEREX ,572 025 526 01878,None,30 RUE HENRY GREVILLE,06500,MENTON,FRL03,None,(+33) 4-92-29-69-24,None,None,olivier.moulinas@veolia.com,None,False,True,2019-09-22,1,,,,,True,False,,None,1592344.0,EUR,,None,,None,,,None,None,,None,,None,,None,,None,None,,None,None,None,None,None,None,True,,None,None,None,None,None,None,None,None,None,,None,None,None
19-146694,False,False,False,False,,None,,None,,None,,True,False,False,2019-17,None,EXPLOITATION DE 6 STATIONS D'EPURATION ET DE 9 POSTES DE RELEVAGE ET PRESTATIONS PONCTUELLES SUR 6 STATIONS D'EPURATION DE LA CARF SUTE A DECLARATION SANS SUITE DU MARCHE 2019-05,None,None,False,SEREX ,None,None,Z.I SECTEUR D - 202 ROUTE DES PUGETS,06400,SAINT LAURENT DU VAR,FRL03,None,(+33) 4-92-27-50-50,None,None,secretariat@serex.fr,None,False,True,2019-09-22,1,,,,,True,False,,None,1592344.0,EUR,,None,,None,,,None,None,,None,,None,,None,,None,None,,None,None,None,None,None,None,True,,None,None,None,None,None,None,None,None,None,,None,None,None
19-151379,False,False,False,False,,None,,None,,None,,True,False,False,2019/16,None,None,None,None,False,SASU SUEZ - RV MEDITERRANEE,None,None,Rue Antoine Becquerel ,11100,NARBONNE ,FR,None,None,None,None,frederic.terreno@suez.com,None,False,True,2019-07-07,2,,,,,False,False,,None,7700000.0,EUR,,None,,None,,,None,None,,None,,None,,None,,None,None,,None,None,None,None,None,None,True,,None,None,None,None,None,None,None,None,None,,None,None,None
19-158303,False,False,False,True,,None,,None,,None,,True,False,False,None,08-19,None,travaux de rénovation de l'automatisme de gestion des sources d'énergie sur l'aéroport de Saint-Pierre Pointe-Blanche,None,False,SPIE I&T,None,None,"4, Avenue Jean JaurèsTSA 70017",69551,FEYZIN CEDEX,None,None,None,None,None,None,None,False,False,2019-12-30,,,,,,False,False,,None,654083.0,EUR,,None,,None,,,None,None,,None,,None,,None,,None,None,,None,None,None,None,None,None,True,,None,None,None,None,None,None,None,None,None,,None,None,None
19-159830,False,False,False,False,,None,,None,,None,,True,False,False,17003,None,MISSION DE MAITRISE DOEUVRE POUR LE REAMENAGEMENT DES PLACES DE LA FONTAINE ET DU CHÂTEAU À MANDELIEU-LA NAPOULE,None,None,False,INGEROP Conseil et Ingénierie,48962613500144,None,"158, rue des deux Gares",92500,RUEIL-MALMAISON,FR105,None,None,None,None,None,None,True,False,2017-04-13,,,,,,True,False,,None,234000.0,EUR,,None,,None,,,None,None,,None,,None,,None,,None,None,,None,None,None,None,None,None,False,,None,None,None,None,None,None,None,None,None,,None,None,None
19-159830,False,False,False,False,,None,,None,,None,,True,False,False,17003,None,MISSION DE MAITRISE DOEUVRE POUR LE REAMENAGEMENT DES PLACES DE LA FONTAINE ET DU CHÂTEAU À MANDELIEU-LA NAPOULE,None,None,False,TANGRAM ARCHITECTES,34431180800010,None,"10, rue Virgile Marron",13005,MARSEILLE,FRL04,None,None,None,None,None,None,True,False,2017-04-13,,,,,,True,False,,None,234000.0,EUR,,None,,None,,,None,None,,None,,None,,None,,None,None,,None,None,None,None,None,None,False,,None,None,None,None,None,None,None,None,None,,None,None,None
19-163597,False,False,False,False,,None,,None,,None,,True,False,False,19-00229,1,DTGPN - Nord IDF,None,None,False,ESPACE DECO,None,None,9 chemin de la Chapelle Saint-Antoine ,95300,Ennery,FR,None,(+33) 1-30-30-53-58,None,(+33) 1-30-30-11-50,espace.deco@espacedeco.com,None,True,False,2019-12-04,8,,,,,False,False,600000.0,EUR,,None,,None,,None,,,None,None,81293.35,EUR,187674.61,EUR,,None,,None,None,,None,None,None,None,None,None,True,,None,None,None,None,None,None,None,None,None,,None,None,None
19-163597,False,False,False,False,,None,,None,,None,,True,False,False,19-00230,2,DTGPE - Est IDF y compris 75,None,None,False,LELIEVRE,None,None,92 avenue Georges Clémenceau,94360,Bry sur Marne ,FR,None,(+33) 1-48-81-00-56,None,(+33) 1-48-81-37-67,contact@lelievre.fr,None,True,False,2019-12-04,6,,,,,False,False,1000000.0,EUR,,None,,None,,None,,,None,None,103103.6,EUR,187674.61,EUR,,None,,None,None,,None,None,None,None,None,None,True,,None,None,None,None,None,None,None,None,None,,None,None,None
19-163597,False,False,False,False,,None,,None,,None,,True,False,False,19-00231,3,DTGPO - Ouest IDF y compris 92,None,None,False,PRETTRE ESPACES VERTS,None,None,Avenue de l'Arbre à la Quénée ,78490,Méré,FR,None,(+33) 1-34-87-87-08,None,(+33) 1-34-87-82-44,n.prettre@prettre-sa.fr,None,True,False,2019-12-04,5,,,,,False,False,600000.0,EUR,,None,,None,,None,,,None,None,69012.79,EUR,155495.0,EUR,,None,,None,None,,None,None,None,None,None,None,True,,None,None,None,None,None,None,None,None,None,,None,None,None
19-163597,False,False,False,False,,None,,None,,None,,True,False,False,19-00232,4,DTGPS - Sud et Est IDF,None,None,False,S.F.E.V,None,None,35 rue de la Butte Cordière,91150,Etampes,FR,None,(+33) 1-60-80-66-58,None,(+33) 1-64-94-02-88,sfev@sfev91.fr,None,True,False,2019-12-04,4,,,,,False,False,600000.0,EUR,,None,,None,,None,,,None,None,69012.79,EUR,155495.0,EUR,,None,,None,None,,None,None,None,None,None,None,True,,None,None,None,None,None,None,None,None,None,,None,None,None
19-163597,False,False,False,False,,None,,None,,None,,True,False,False,19-00233,5,DTGPSA - 94 partiel,None,None,False,PRETTRE ESPACES VERTS,None,None,Avenue de l'Arbre à la Quénée,78490,Méré,FR,None,(+33) 1-34-87-87-08,None,(+33) 1-34-87-82-44,n.prettre@prettre-sa.fr,None,True,False,2019-12-04,4,,,,,False,False,200000.0,EUR,,None,,None,,None,,,None,None,104400.48,EUR,187674.61,EUR,,None,,None,None,,None,None,None,None,None,None,True,,None,None,None,None,None,None,None,None,None,,None,None,None
19-168373,False,False,False,False,,None,,None,,None,,True,False,False,1900027001,1,cabine de sablage,None,None,False,JEAN BREL,None,None,None,93240,Stains,FR,None,None,None,None,None,None,True,False,2019-10-22,2,,,,,False,False,,None,14999.0,EUR,,None,,None,,,None,None,,None,,None,,None,,None,None,,None,None,None,None,None,None,True,,None,None,None,None,None,None,None,None,None,,None,None,None
19-168373,False,False,False,False,,None,,None,,None,,False,True,False,None,2,plaqueuse de chants courbes,None,None,False,None,None,None,None,None,None,None,None,None,None,None,None,None,False,False,,,,,,,False,False,,None,,None,,None,,None,,,None,None,,None,,None,,None,,None,None,,None,None,None,None,None,None,False,,None,None,None,None,None,None,None,None,None,,None,None,None
19-168582,False,False,False,True,,None,,None,,None,,True,False,False,None,T190554A00,None,AMENAGEMENT DE LA PLACE EMILE ZOLA A MARSEILLE 13013,None,False,A2BTP,None,None,1040 avenue Sainte VictoireZI La Palun,13120,GARDANNE,None,None,04-42-60-87-00,None,04-42-60-80-09,None,None,False,False,2019-11-13,7,,,,,False,False,,None,567874.0,EUR,,None,,None,,,None,None,,None,,None,,None,,None,None,,None,None,None,None,None,None,True,,None,None,None,None,None,None,None,None,None,,None,None,None
19-172257,False,False,False,False,,None,,None,,None,,True,False,False,201919R109,1,"Fourniture, transport et livraison de sel de déneigement de classe a",None,None,False,ROCK SASU,None,None,11 rue Gustave Him - BP 1258,68055,MULHOUSE,FRF12,None,None,None,None,None,None,True,False,2019-10-16,3,,,,,False,False,,None,,None,,None,,None,,,None,None,208335.0,EUR,222669.0,EUR,,None,,None,None,,None,None,None,None,None,None,True,,None,None,None,None,None,None,None,None,None,,None,None,None
19-172257,False,False,False,False,,None,,None,,None,,True,False,False,201919R110,2,"Fourniture, transport et livraison de sel de classe B",None,None,False,ROCK SASU,None,None,11 rue Gustave Him - BP 1258,68055,MULHOUSE CEDEX,FRF12,None,None,None,None,None,None,True,False,2019-10-16,3,,,,,False,False,,None,,None,,None,,None,,,None,None,61200.0,EUR,61200.0,EUR,,None,,None,None,,None,None,None,None,None,None,True,,None,None,None,None,None,None,None,None,None,,None,None,None
19-172257,False,False,False,False,,None,,None,,None,,True,False,False,201919R111,3,Transport de sel entre les différents sites de stockage du Conseil Départemental,None,None,False,SAS TRANSPORT ANDRIEU,None,None,ZA La Devèze Grande,12740,LA LOUBIERE,FRJ12,None,None,None,None,None,None,True,False,2019-10-20,3,,,,,False,False,,None,,None,,None,,None,,,None,None,2600.0,EUR,119880.0,EUR,,None,,None,None,,None,None,None,None,None,None,True,,None,None,None,None,None,None,None,None,None,,None,None,None
19-174375,False,False,False,False,,None,,None,,None,,True,False,False,2019-728,None,LOCATION DE MATÉRIEL POUR L'ENTRETIEN DES ROUTES DÉPARTEMENTALES ET LEURS DÉPENDANCES,None,None,False,KILOUTOU SAS,None,None,None,31150,LESPINASSE,FRJ23,None,None,None,None,None,None,False,True,2020-01-01,2,,,,,False,False,95160.0,EUR,57436.0,EUR,,None,,None,,,None,None,,None,,None,,None,,None,None,,None,None,None,None,None,None,True,,None,None,None,None,None,None,None,None,None,,None,None,None
19-174589,False,False,False,True,,None,,None,,None,,True,False,False,None,1 :,None,Restructuration des arènes Roland Portalier à Parentis en Born,gros oeuvre,False,Entreprise BERNADET,None,None,32 Avenue de Mont de Marsan,40270,Grenade sur adour,None,None,None,None,None,None,None,False,False,2019-11-19,2,,,,,False,False,,None,577791.63,EUR,,None,,None,,,None,None,,None,,None,,None,,None,None,,None,None,None,None,None,None,False,,None,None,None,None,None,None,None,None,None,,None,None,None
19-174589,False,False,False,True,,None,,None,,None,,True,False,False,None,2,None,Charpente Mixte Bois/métal/couverture textile-zinguerie fermeture latérale étanchéïté,None,False,ARBONIS,None,None,10 rue Cabanac,33800,BORDEAUX,None,None,None,None,None,None,None,False,False,2019-11-19,2,,,,,False,False,,None,1617109.0,EUR,,None,,None,,,None,None,,None,,None,,None,,None,None,,None,None,None,None,None,None,False,,None,None,None,None,None,None,None,None,None,,None,None,None
19-174589,False,False,False,True,,None,,None,,None,,True,False,False,None,4,None,Menuiseries extérieures/intérieures,None,False,JCB Agengement,None,None,Zone d'activités de Preuilhon1088 Rte de Gamarde,40180,hinx,None,None,None,None,None,None,None,False,False,2019-11-19,1,,,,,False,False,,None,75503.48,EUR,,None,,None,,,None,None,,None,,None,,None,,None,None,,None,None,None,None,None,None,False,,None,None,None,None,None,None,None,None,None,,None,None,None
19-174589,False,False,False,True,,None,,None,,None,,True,False,False,None,5,None,Platrerie doublage,None,False,Darribey,None,None,ZA,40160,Parentis en born,None,None,None,None,None,None,None,False,False,2019-11-19,1,,,,,False,False,,None,54291.45,EUR,,None,,None,,,None,None,,None,,None,,None,,None,None,,None,None,None,None,None,None,False,,None,None,None,None,None,None,None,None,None,,None,None,None
19-174589,False,False,False,True,,None,,None,,None,,True,False,False,None,8,None,carrelage,None,False,Joël LESCA,None,None,699 Rte de Condrette,40400,TARTAS,None,None,None,None,None,None,None,False,False,2019-11-19,1,,,,,False,False,,None,35816.81,EUR,,None,,None,,,None,None,,None,,None,,None,,None,None,,None,None,None,None,None,None,False,,None,None,None,None,None,None,None,None,None,,None,None,None
19-174589,False,False,False,True,,None,,None,,None,,True,False,False,None,11,None,Electricité CFO CFA,None,False,INEO Aquitaine,None,None,395 Rue Bernard palissy,40990,Saint paul les dax,None,None,None,None,None,None,None,False,False,2019-11-19,2,,,,,False,False,,None,312865.08,EUR,,None,,None,,,None,None,,None,,None,,None,,None,None,,None,None,None,None,None,None,False,,None,None,None,None,None,None,None,None,None,,None,None,None
19-174589,False,False,False,True,,None,,None,,None,,True,False,False,None,12,None,Ascenseur,None,False,DP2A,None,None,3 rue du Golf,33701,Merignac,None,None,None,None,None,None,None,False,False,2019-11-19,3,,,,,False,False,,None,22300.0,EUR,,None,,None,,,None,None,,None,,None,,None,,None,None,,None,None,None,None,None,None,False,,None,None,None,None,None,None,None,None,None,,None,None,None
19-174589,False,False,False,True,,None,,None,,None,,True,False,False,None,13,None,VRD,None,False,ROY TP,None,None,780 Avenue des petites landes,40120,pouydesseaux,None,None,None,None,None,None,None,False,False,2019-11-19,2,,,,,False,False,,None,347147.1,EUR,,None,,None,,,None,None,,None,,None,,None,,None,None,,None,None,None,None,None,None,False,,None,None,None,None,None,None,None,None,None,,None,None,None
19-174589,False,False,False,True,,None,,None,,None,,True,False,False,None,14,None,sièges et assises des gradins,None,False,Batisport,None,None,6 Rue Michelet,86530,naintre,None,None,None,None,None,None,None,False,False,2019-11-19,2,,,,,False,False,,None,103262.0,EUR,,None,,None,,,None,None,,None,,None,,None,,None,None,,None,None,None,None,None,None,False,,None,None,None,None,None,None,None,None,None,,None,None,None
19-174615,False,False,False,False,,None,,None,,None,,True,False,False,M9D0053EP,None,FOURNITURE DE MATS D'ECLAIRAGE PUBLIC TYPE TRAMWAY,None,None,False,TECHNILUM,71292025500056,None,None,34500,BEZIERS,FRJ13,None,None,None,None,None,None,False,True,2019-12-19,2,,,,2,False,False,,None,619624.0,EUR,,None,,None,,,None,None,,None,,None,,None,,None,None,,None,None,None,None,None,None,True,,None,None,None,None,None,None,None,None,None,,None,None,None
19-175300,False,False,False,False,,None,,None,,None,,True,False,False,1903914,1,None,None,None,False,EIFFAGE CONSTRUCTION EQUIPEMENTS,None,None,None,92110,CLICHY,FR105,None,None,None,None,None,None,False,True,2019-11-13,3,,,,,False,False,7140000.0,EUR,6435348.0,EUR,,None,,None,,,None,None,,None,,None,,None,,None,None,,None,None,None,None,None,None,True,,None,None,None,None,None,None,None,None,None,,None,None,None
19-175300,False,False,False,False,,None,,None,,None,,True,False,False,1903917,02,"Serrurerie, métallerie",None,None,False,Chauvin ,None,None,None,77200,Torcy,FR1,None,None,None,None,None,None,False,True,2019-11-15,2,,,,,False,False,,None,846209.0,EUR,,None,,None,,,None,None,,None,,None,,None,,None,None,,None,None,None,None,None,None,True,,None,None,None,None,None,None,None,None,None,,None,None,None
19-175300,False,False,False,False,,None,,None,,None,,True,False,False,1903927,3,Menuiseries extérieures,None,None,False,LES ETABLISSEMENTS GIFFARD,None,None,None,93310,Orly,FR,None,None,None,None,None,None,False,True,2019-12-09,4,,,,,False,False,,None,1787392.69,EUR,,None,,None,,,None,None,,None,,None,,None,,None,None,,None,None,None,None,None,None,True,,None,None,None,None,None,None,None,None,None,,None,None,None
19-175300,False,False,False,False,,None,,None,,None,,True,False,False,1903918,04,cloisons,None,None,False,SPIE PARTESIA,None,None,None,94203,Ivry sur seine,FR,None,None,None,None,None,None,False,True,2019-11-15,2,,,,,False,False,,None,2792000.0,EUR,,None,,None,,,None,None,,None,,None,,None,,None,None,,None,None,None,None,None,None,True,,None,None,None,None,None,None,None,None,None,,None,None,None
19-175300,False,False,False,False,,None,,None,,None,,True,False,False,1903919,05,plafonds suspendus,None,None,False,DBS/HAGUENIER,None,None,None,94203,Ivry sur seine,FR1,None,None,None,None,None,None,True,False,2019-12-03,3,,,,,True,False,,None,1085355.79,EUR,,None,,None,,,None,None,,None,,None,,None,,None,None,,None,None,None,None,None,None,True,,None,None,None,None,None,None,None,None,None,,None,None,None
19-175300,False,False,False,False,,None,,None,,None,,True,False,False,1903919,05,plafonds suspendus,None,None,False,Etablissement Thierry Haguenier,None,None,None,94500,Champigny sur Seine,FR1,None,None,None,None,None,None,True,False,2019-12-03,3,,,,,True,False,,None,1085355.79,EUR,,None,,None,,,None,None,,None,,None,,None,,None,None,,None,None,None,None,None,None,True,,None,None,None,None,None,None,None,None,None,,None,None,None
19-175300,False,False,False,False,,None,,None,,None,,True,False,False,1903921,6,façades,None,None,False,AF2M,None,None,None,77170,Brie Compte Robert,FR1,None,None,None,None,None,None,True,False,2019-12-02,2,,,,,False,False,,None,624819.0,EUR,,None,,None,,,None,None,,None,,None,,None,,None,None,,None,None,None,None,None,None,True,,None,None,None,None,None,None,None,None,None,,None,None,None
19-175300,False,False,False,False,,None,,None,,None,,True,False,False,1903928,07,revêtement de sols,None,None,False,S.E.R,None,None,None,94800,Villejuif,FR1,None,None,None,None,None,None,False,True,2019-12-09,2,,,,,False,False,,None,523022.28,EUR,,None,,None,,,None,None,,None,,None,,None,,None,None,,None,None,None,None,None,None,True,,None,None,None,None,None,None,None,None,None,,None,None,None
19-175300,False,False,False,False,,None,,None,,None,,True,False,False,1903934,08,Peinture - Signalétique,None,None,False,Maison Dureau,None,None,None,94200,Ivry sur seine,FR107,None,None,None,None,None,None,False,True,2019-12-22,6,,,,,False,False,,None,340442.11,EUR,,None,,None,,,None,None,,None,,None,,None,,None,None,,None,None,None,None,None,None,True,,None,None,None,None,None,None,None,None,None,,None,None,None
19-175300,False,False,False,False,,None,,None,,None,,True,False,False,1903916,10/11,Electricité,None,None,False,SNEF,None,None,None,93583,ISSY LES MOULINEAUX,FR105,None,None,None,None,None,None,False,True,2019-11-14,2,,,,,False,False,,None,3998854.48,EUR,,None,,None,,,None,None,,None,,None,,None,,None,None,,None,None,None,None,None,None,True,,None,None,None,None,None,None,None,None,None,,None,None,None
19-175300,False,False,False,False,,None,,None,,None,,True,False,False,1903924,12,CVC - Chauffage Ventilation Climatisation,None,None,False,BALAS,None,None,None,93583,Saint Ouen,FR106,None,None,None,None,None,None,False,True,2019-12-02,2,,,,,False,False,,None,2405000.0,EUR,,None,,None,,,None,None,,None,,None,,None,,None,None,,None,None,None,None,None,None,True,,None,None,None,None,None,None,None,None,None,,None,None,None
19-175300,False,False,False,False,,None,,None,,None,,True,False,False,1903922,13,Plomberie - Sanitaires,None,None,False,UTB,None,None,None,93230,Romainville,FR106,None,None,None,None,None,None,True,False,2019-12-02,2,,,,,False,False,,None,537984.0,EUR,,None,,None,,,None,None,,None,,None,,None,,None,None,,None,None,None,None,None,None,True,,None,None,None,None,None,None,None,None,None,,None,None,None
19-175300,False,False,False,False,,None,,None,,None,,True,False,False,1903936,14,Projecteurs muséographiques,None,None,False,EUROSEP INSTRUMENTS,None,None,None,95801,Cergy Pontoise ,FR108,None,None,None,None,None,None,False,True,2019-12-22,2,,,,,False,False,,None,73500.0,EUR,,None,,None,,,None,None,,None,,None,,None,,None,None,,None,None,None,None,None,None,True,,None,None,None,None,None,None,None,None,None,,None,None,None
19-175300,False,False,False,False,,None,,None,,None,,True,False,False,1903929,15,Appareils élévateurs,None,None,False,THYSSENKRUPP ASCENSEURS,None,None,None,49001,Angers,FRB,None,None,None,None,None,None,False,True,2019-11-25,1,,,,,False,False,,None,378624.0,EUR,,None,,None,,,None,None,,None,,None,,None,,None,None,,None,None,None,None,None,None,True,,None,None,None,None,None,None,None,None,None,,None,None,None
19-175300,False,False,False,False,,None,,None,,None,,True,False,False,1903930,16,Parquet,None,None,False,Parquets Briattes,None,None,None,95500,Le Thillay,FR10,None,None,None,None,None,None,True,False,2019-12-09,4,,,,,False,False,,None,1208683.0,EUR,,None,,None,,,None,None,,None,,None,,None,,None,None,,None,None,None,None,None,None,True,,None,None,None,None,None,None,None,None,None,,None,None,None
19-175300,False,False,False,False,,None,,None,,None,,True,False,False,1903935,17,Mobilier - Agencement,None,None,False,Bonnardel,None,None,None,77870,Vulaine sur Seine,FR10,None,None,None,None,None,None,True,False,2020-01-01,4,,,,,False,False,,None,618893.0,EUR,,None,,None,,,None,None,,None,,None,,None,,None,None,,None,None,None,None,None,None,True,,None,None,None,None,None,None,None,None,None,,None,None,None
19-175300,False,False,False,False,,None,,None,,None,,True,False,False,1903923,19,Gradins mobiles,None,None,False,JEZET SEATING,None,None,None,None,Pekt,BE,BE,None,None,None,None,None,True,False,2019-12-02,2,,,,,False,False,,None,248660.0,EUR,,None,,None,,,None,None,,None,,None,,None,,None,None,,None,None,None,None,None,None,True,,None,None,None,None,None,None,None,None,None,,None,None,None
19-175712,False,False,False,False,,None,,None,,None,,True,False,False,201919S0196L01,01,Entretien et aménagement des RD de la SDA Littoral Ouest Cannes,None,None,False,COLAS MM Agence Alpes-Maritimes,329 368 526 0103,None,ZA la Grave BP 328,06514,Carros Cédex,FRL03,None,None,None,None,None,None,False,True,2019-11-11,5,,,,5,True,False,9930048.0,EUR,,None,,None,,None,,,None,None,1659369.0,EUR,1993998.17,EUR,,None,,None,None,,None,None,None,None,None,None,False,,None,None,None,None,None,None,None,None,None,,None,None,None
19-175712,False,False,False,False,,None,,None,,None,,True,False,False,201919S0196L01,01,Entretien et aménagement des RD de la SDA Littoral Ouest Cannes,None,None,False,TAMA T.P,03662032600078,None,63 Chemin de la Campanette,06800,CAGNES SUR MER,FRL03,None,None,None,None,None,None,True,False,2019-11-11,5,,,,5,True,False,9930048.0,EUR,,None,,None,,None,,,None,None,1659369.0,EUR,1993998.17,EUR,,None,,None,None,,None,None,None,None,None,None,False,,None,None,None,None,None,None,None,None,None,,None,None,None
19-175712,False,False,False,False,,None,,None,,None,,True,False,False,201919S0196L02,02,Entretien et aménagement des RD de la SDA Littoral Ouest Antibes,None,None,False,NATIVI BTP,74987776700014,None,19 Av de Grasse,06800,CAGNES SUR MER,FRL03,None,None,None,None,None,None,True,False,2019-11-11,5,,,,5,True,False,9930048.0,EUR,,None,,None,,None,,,None,None,1688793.4,EUR,1800481.1,EUR,,None,,None,None,,None,None,None,None,None,None,False,,None,None,None,None,None,None,None,None,None,,None,None,None
19-175712,False,False,False,False,,None,,None,,None,,True,False,False,201919S0196L02,02,Entretien et aménagement des RD de la SDA Littoral Ouest Antibes,None,None,False,SARL NARDELLI,38807757000033,None,Plan de Rimont,06340,DRAP,FRL03,None,None,None,None,None,None,True,False,2019-11-11,5,,,,5,True,False,9930048.0,EUR,,None,,None,,None,,,None,None,1688793.4,EUR,1800481.1,EUR,,None,,None,None,,None,None,None,None,None,None,False,,None,None,None,None,None,None,None,None,None,,None,None,None
19-175712,False,False,False,False,,None,,None,,None,,True,False,False,201919S0196L02,02,Entretien et aménagement des RD de la SDA Littoral Ouest Antibes,None,None,False,SOCIETE NOUVELLE POLITI,44205329700015,None,137 Route de Grasse,06740,CHATEAUNEUF,FRL03,None,None,None,None,None,None,True,False,2019-11-11,5,,,,5,True,False,9930048.0,EUR,,None,,None,,None,,,None,None,1688793.4,EUR,1800481.1,EUR,,None,,None,None,,None,None,None,None,None,None,False,,None,None,None,None,None,None,None,None,None,,None,None,None
19-176128,False,False,False,False,,None,,None,,None,,True,False,False,2019062,1,Tenues de travail,None,None,False,SIOEN FRANCE SAS,None,None,None,None,GRAULHET,FRJ27,None,None,None,None,None,None,False,True,2019-11-21,1,,,,1,False,False,,None,600000.0,EUR,,None,,None,,,None,None,,None,,None,,None,,None,None,,None,None,None,None,None,None,True,,None,None,None,None,None,None,None,None,None,,None,None,None
19-176128,False,False,False,False,,None,,None,,None,,True,False,False,2019063,2,Polos de sapeurs-pompiers type C,None,None,False,REGAIN SAS,None,None,None,None,LABRUGUIERE,FRJ27,None,None,None,None,None,None,True,False,2019-11-21,4,,,,4,False,False,,None,240000.0,EUR,,None,,None,,,None,None,,None,,None,,None,,None,None,,None,None,None,None,None,None,True,,None,None,None,None,None,None,None,None,None,,None,None,None
19-176128,False,False,False,False,,None,,None,,None,,True,False,False,2019064,3,Gants de protection des sapeurs-pompiers,None,None,False,ROSTAING SA,None,None,None,None,VILLIEU,FRK21,None,None,None,None,None,None,True,False,2019-12-16,3,,,,3,False,False,,None,1000000.0,EUR,,None,,None,,,None,None,,None,,None,,None,,None,None,,None,None,None,None,None,None,True,,None,None,None,None,None,None,None,None,None,,None,None,None
19-176128,False,False,False,False,,None,,None,,None,,True,False,False,2019065,4,Chaussants de protection type A,None,None,False,HAIX - Schuhe Produktions-und Vertriebs GmbH,None,None,None,None,MAINBURG,DE,None,None,None,None,None,None,False,True,2019-11-21,4,,,,4,False,False,,None,40000.0,EUR,,None,,None,,,None,None,,None,,None,,None,,None,None,,None,None,None,None,None,None,True,,None,None,None,None,None,None,None,None,None,,None,None,None
19-176944,False,False,False,False,,None,,None,,None,,True,False,False,BAT 19-02,1,Nettoyage et maintenance des hottes et plafonds filtrant,None,None,False,APIE,31018983200051,None,31 rue des hautes patures,92000,Nanterre,FR105,None,None,None,None,None,None,True,False,2019-12-22,2,2,,,2,False,False,,None,31000.0,EUR,,None,,None,,,None,None,,None,,None,,None,,None,None,,None,None,None,None,None,None,True,,None,None,None,None,None,None,None,None,None,,None,None,None
19-176944,False,False,False,False,,None,,None,,None,,True,False,False,BAT 19-02,2,Nettoyage et maintenance des VMC,None,None,False,SDI VENTILATION,53985297000018,None,31 avenue de l'Europe hôtel d'entreprise Descartes,78130,LES MUREAUX,FR103,None,None,None,None,None,None,True,False,2019-12-22,3,3,,,3,False,False,,None,23385.0,EUR,,None,,None,,,None,None,,None,,None,,None,,None,None,,None,None,None,None,None,None,True,,None,None,None,None,None,None,None,None,None,,None,None,None
19-180301,False,False,False,False,,None,,None,,None,,True,False,False,None,1,"entretien courant, lentretien spécialisé et les petites réparation des ouvrages dart  District CENTRE",None,None,False,GAUTHIER,None,None,90 route de Seysses -CS 5063,31106,Toulouse cedex 1,FRJ23,None,None,None,None,None,None,False,True,2019-12-05,3,,,,,True,False,,None,648513.06,EUR,,None,,None,,,None,None,,None,,None,,None,,None,None,,None,None,None,None,None,None,True,,None,None,None,None,None,None,None,None,None,,None,None,None
19-180301,False,False,False,False,,None,,None,,None,,True,False,False,None,1,"entretien courant, lentretien spécialisé et les petites réparation des ouvrages dart  District CENTRE",None,None,False,ECM  Etudes Construction Maintenance,None,None,1 ZA Les pousses,31270,Villeneuve Tolosane,FRJ23,None,None,None,None,None,None,True,False,2019-12-05,3,,,,,True,False,,None,648513.06,EUR,,None,,None,,,None,None,,None,,None,,None,,None,None,,None,None,None,None,None,None,True,,None,None,None,None,None,None,None,None,None,,None,None,None
19-180301,False,False,False,False,,None,,None,,None,,True,False,False,None,1,"entretien courant, lentretien spécialisé et les petites réparation des ouvrages dart  District CENTRE",None,None,False,GTM SUD-OUEST TP GC,None,None,90 route de Seysses  BP 78103,31081,Toulouse cedex 1,FRJ23,None,None,None,None,None,None,False,True,2019-12-05,3,,,,,True,False,,None,648513.06,EUR,,None,,None,,,None,None,,None,,None,,None,,None,None,,None,None,None,None,None,None,True,,None,None,None,None,None,None,None,None,None,,None,None,None
19-180301,False,False,False,False,,None,,None,,None,,True,False,False,None,2,"Lentretien courant, lentretien spécialisé et les petites réparation des ouvrages dart  District OUEST",None,None,False,NGE GENIE CIVIL - Région Midi-Pyrénées,None,None,114 Route dOx,31600,MURET,FRJ23,None,None,None,None,None,None,False,True,2019-12-05,3,,,,,False,False,,None,643022.68,EUR,,None,,None,,,None,None,,None,,None,,None,,None,None,,None,None,None,None,None,None,True,,None,None,None,None,None,None,None,None,None,,None,None,None
19-180301,False,False,False,False,,None,,None,,None,,True,False,False,None,3,"Lentretien courant, lentretien spécialisé et les petites réparation des ouvrages dart  District EST",None,None,False,GAUTHIER,None,None,90 route de Seysses -CS 5063,31106,Toulouse cedex 1,FRJ23,None,None,None,None,None,None,False,True,2019-12-05,2,,,,,True,False,,None,651930.42,EUR,,None,,None,,,None,None,,None,,None,,None,,None,None,,None,None,None,None,None,None,True,,None,None,None,None,None,None,None,None,None,,None,None,None
19-180301,False,False,False,False,,None,,None,,None,,True,False,False,None,3,"Lentretien courant, lentretien spécialisé et les petites réparation des ouvrages dart  District EST",None,None,False,GTM SUD-OUEST TP GC,None,None,90 route de Seysses  BP 78103,31081,Toulouse cedex 1,FRJ23,None,None,None,None,None,None,False,True,2019-12-05,2,,,,,True,False,,None,651930.42,EUR,,None,,None,,,None,None,,None,,None,,None,,None,None,,None,None,None,None,None,None,True,,None,None,None,None,None,None,None,None,None,,None,None,None
19-180301,False,False,False,False,,None,,None,,None,,True,False,False,None,4," Lentretien courant, lentretien spécialisé et les petites réparation des ouvrages dart  District SUD",None,None,False,NGE Fondations,None,None,ZA la Camave II - 42 chemin de la Camave,31290,VILLEFRANCHE DE LAURAGAIS,FRJ23,None,None,None,None,None,None,False,True,2019-12-05,4,,,,,False,False,,None,1994386.96,EUR,,None,,None,,,None,None,,None,,None,,None,,None,None,,None,None,None,None,None,None,True,,None,None,None,None,None,None,None,None,None,,None,None,None
19-181800,False,False,False,False,,None,,None,,None,,True,False,False,19154,4,None,None,None,False,SOCIETE IPC,None,None,None,None,BREST,FR,None,None,None,None,None,None,True,False,2019-12-03,8,,,,,False,False,,None,20621.0,EUR,,None,,None,,,None,None,,None,,None,,None,,None,None,,None,None,None,None,None,None,True,,None,None,None,None,None,None,None,None,None,,None,None,None
19-181800,False,False,False,False,,None,,None,,None,,True,False,False,19151,5,None,None,None,False,LUCIANI,None,None,None,None,AJACCIO,FR,None,None,None,None,None,None,True,False,2019-12-03,6,,,,,False,False,,None,137072.0,EUR,,None,,None,,,None,None,,None,,None,,None,,None,None,,None,None,None,None,None,None,True,,None,None,None,None,None,None,None,None,None,,None,None,None
19-181800,False,False,False,False,,None,,None,,None,,True,False,False,19150,54,None,None,None,False,SARL UCMC,None,None,None,None,BORGO,FR,None,None,None,None,None,None,True,False,2019-12-03,4,,,,,False,False,,None,7908.0,EUR,,None,,None,,,None,None,,None,,None,,None,,None,None,,None,None,None,None,None,None,True,,None,None,None,None,None,None,None,None,None,,None,None,None
19-181800,False,False,False,False,,None,,None,,None,,True,False,False,19149,1,None,None,None,False,CAPEMBAL,None,None,None,None,BORGO,FR,None,None,None,None,None,None,True,False,2019-12-03,3,,,,,False,False,,None,86228.0,EUR,,None,,None,,,None,None,,None,,None,,None,,None,None,,None,None,None,None,None,None,True,,None,None,None,None,None,None,None,None,None,,None,None,None
19-181800,False,False,False,False,,None,,None,,None,,True,False,False,19152,15,None,None,None,False,PAREDES,None,None,None,None,MEYREUIL,FR,None,None,None,None,None,None,True,False,2019-12-03,5,,,,,False,False,,None,35020.0,EUR,,None,,None,,,None,None,,None,,None,,None,,None,None,,None,None,None,None,None,None,True,,None,None,None,None,None,None,None,None,None,,None,None,None
19-181800,False,False,False,False,,None,,None,,None,,True,False,False,19148,71,None,None,None,False,SARL BBL,None,None,None,None,BASTELICACCIA,FR,None,None,None,None,None,None,True,False,2019-12-03,4,,,,,False,False,,None,1144.0,EUR,,None,,None,,,None,None,,None,,None,,None,,None,None,,None,None,None,None,None,None,True,,None,None,None,None,None,None,None,None,None,,None,None,None
19-181800,False,False,False,False,,None,,None,,None,,True,False,False,19153,2,None,None,None,False,ANIOS,None,None,None,None,LEZENNES,FR,None,None,None,None,None,None,True,False,2019-12-03,7,,,,,False,False,,None,245332.0,EUR,,None,,None,,,None,None,,None,,None,,None,,None,None,,None,None,None,None,None,None,True,,None,None,None,None,None,None,None,None,None,,None,None,None
19-182276,False,False,False,True,,None,,None,,None,2019-11-08,False,False,False,None,None,None,None,None,False,Société Bastille,None,None,None,75011,None,None,None,None,None,None,None,None,False,False,,,,,,,False,False,,None,,None,,None,,None,,,None,None,,None,,None,,None,,None,None,,None,None,None,None,None,None,False,,None,None,None,None,None,None,None,None,None,,None,None,None
19-186595,False,False,False,False,,None,,None,,None,,True,False,False,20191400010035,1,séjours mer vacances Arc-En-Ciel,None,None,False,association découverte vacances ,None,None,32 boulevard Chanzy ,24100,Bergerac ,FR101,None,(+33) -53-58-14-80,None,None,None,None,True,False,2019-12-04,15,,,,15,False,False,348660.0,EUR,,None,,None,,None,,,None,None,332568.0,EUR,495687.0,EUR,,None,,None,None,,None,None,None,None,None,None,True,,None,None,None,None,None,None,None,None,None,,None,None,None
19-186595,False,False,False,False,,None,,None,,None,,True,False,False,20191400010022,2,séjours mer classes de découvertes ,None,None,False,PEP 75,None,None,149 rue de Vaugirard ,None,PARIS,FR101,None,None,None,None,contact@pep75.org,None,True,False,2019-12-05,8,,,,8,False,False,3088305.0,EUR,,None,,None,,None,,,None,None,2906640.0,EUR,3467984.85,EUR,,None,,None,None,,None,None,None,None,None,None,True,,None,None,None,None,None,None,None,None,None,,None,None,None
19-186595,False,False,False,False,,None,,None,,None,,True,False,False,20191400010021,1,séjours mer vacances Arc-En-Ciel,None,None,False,Oeuvre universitaire du loiret,None,None,2 rue des deux ponts ,45017,Orleans,FR101,None,(+33) -38-53-38-61,None,None,siege.asso@ouloiret.fr,None,True,False,2019-12-04,15,,,,15,False,False,348660.0,EUR,,None,,None,,None,,,None,None,332568.0,EUR,495687.0,EUR,,None,,None,None,,None,None,None,None,None,None,True,,None,None,None,None,None,None,None,None,None,,None,None,None
19-186595,False,False,False,False,,None,,None,,None,,True,False,False,20191400010019,1,séjours mer vacances Arc-En-Ciel,None,None,False,Loisirs club 4-80,None,None,26 rue jean jaurès ,78100,Saint-Germain-En-Laye,FR103,None,None,None,None,david@loisirs-club.fr,None,True,False,2019-12-04,15,,,,15,False,False,348660.0,EUR,,None,,None,,None,,,None,None,332568.0,EUR,495687.0,EUR,,None,,None,None,,None,None,None,None,None,None,True,,None,None,None,None,None,None,None,None,None,,None,None,None
19-186595,False,False,False,False,,None,,None,,None,,True,False,False,20191400010034,1,séjours mer vacances Arc-En-Ciel,None,None,False,association activité  découverte et nature,None,None,None,91130,Ris Orangis,FR104,None,(+33) -69-25-98-50,None,None,info@adn-decouverte.com,None,True,False,2019-12-03,15,,,,15,False,False,348660.0,EUR,,None,,None,,None,,,None,None,332568.0,EUR,495687.0,EUR,,None,,None,None,,None,None,None,None,None,None,True,,None,None,None,None,None,None,None,None,None,,None,None,None
19-186595,False,False,False,False,,None,,None,,None,,True,False,False,20191400010022,1,séjours mer vacances Arc-En-Ciel,None,None,False,PEP 75,None,None,149 rue de Vaugirard,None,PARIS,FR101,None,(+33) -47-34-00-10,None,None,contact@pep75.org,None,True,False,2019-12-05,15,,,,15,False,False,348660.0,EUR,,None,,None,,None,,,None,None,332568.0,EUR,495687.0,EUR,,None,,None,None,,None,None,None,None,None,None,True,,None,None,None,None,None,None,None,None,None,,None,None,None
19-186595,False,False,False,False,,None,,None,,None,,True,False,False,20191400010020,1,séjours mer vacances Arc-En-Ciel,None,None,False,Loisirs mer et découverte,None,None,"38, quai célestin BOUGLE ",22370,Pleneuf val Andre,FR101,None,None,None,None,direction@cnpva.com,None,True,False,2019-12-04,15,,,,15,False,False,348660.0,EUR,,None,,None,,None,,,None,None,332568.0,EUR,495687.0,EUR,,None,,None,None,,None,None,None,None,None,None,True,,None,None,None,None,None,None,None,None,None,,None,None,None
19-186595,False,False,False,False,,None,,None,,None,,True,False,False,20191400010031,2,séjours mer classes de découvertes,None,None,False,VALT33,None,None,204 rue mouneyra,33000,Bordeaux,FR101,None,(+33) -57-81-49-00,None,None,groupes@valt.com,None,True,False,2019-12-04,8,,,,8,False,False,3088305.0,EUR,,None,,None,,None,,,None,None,2906640.0,EUR,3467984.85,EUR,,None,,None,None,,None,None,None,None,None,None,True,,None,None,None,None,None,None,None,None,None,,None,None,None
19-186595,False,False,False,False,,None,,None,,None,,True,False,False,20191400010033,2,séjours mer classes de découvertes,None,None,False,ALEB,None,None,3 allée du bois,33138,Taussat,FR101,None,(+33) -56-82-06-47,None,None,nicolas@aleb.fr,None,True,False,2019-12-03,8,,,,8,False,False,3088305.0,EUR,,None,,None,,None,,,None,None,2906640.0,EUR,3467984.85,EUR,,None,,None,None,,None,None,None,None,None,None,True,,None,None,None,None,None,None,None,None,None,,None,None,None
19-186595,False,False,False,False,,None,,None,,None,,True,False,False,20191400010015,2,séjours mer classes de découvertes,None,None,False,finistère 360,None,None,1 allée Francous TRUFFAUT,29018,Quimper,FR101,None,None,None,None,f360@finistere360.com,None,True,False,2019-12-04,8,,,,8,False,False,3088305.0,EUR,,None,,None,,None,,,None,None,2906640.0,EUR,3467984.85,EUR,,None,,None,None,,None,None,None,None,None,None,True,,None,None,None,None,None,None,None,None,None,,None,None,None
19-186595,False,False,False,False,,None,,None,,None,,True,False,False,20191400010025,2,séjours mer classes de découvertes,None,None,False,Evasion 78,None,None,28 chemin du moulin à vent,78280,Guyancourt,FR103,None,(+33) -34-89-99-80,None,None,info@evasion78.com,None,True,False,2019-12-04,8,,,,8,False,False,3088305.0,EUR,,None,,None,,None,,,None,None,2906640.0,EUR,3467984.85,EUR,,None,,None,None,,None,None,None,None,None,None,True,,None,None,None,None,None,None,None,None,None,,None,None,None
19-186595,False,False,False,False,,None,,None,,None,,True,False,False,20191400010007,2,séjours mer classes de découvertes,None,None,False,association nationale temps jeunes,None,None,99 rue de Merlo,69600,Oullins,FR101,None,(+33) -72-66-16-61,None,None,marches.publics@temps-jeunes.com,None,True,False,2019-12-05,8,,,,8,False,False,3088305.0,EUR,,None,,None,,None,,,None,None,2906640.0,EUR,3467984.85,EUR,,None,,None,None,,None,None,None,None,None,None,True,,None,None,None,None,None,None,None,None,None,,None,None,None
19-186595,False,False,False,False,,None,,None,,None,,True,False,False,20191400010026,2,séjours mer classes de découvertes,None,None,False,UCPA,None,None,21/37 rue de stalingrad,94741,Arcueil,FR107,None,(+33) -78-16-34-80,None,None,info.bagneux@tootazimut.fr,None,True,False,2019-12-04,8,,,,8,False,False,3088305.0,EUR,,None,,None,,None,,,None,None,2906640.0,EUR,3467984.85,EUR,,None,,None,None,,None,None,None,None,None,None,True,,None,None,None,None,None,None,None,None,None,,None,None,None
19-186595,False,False,False,False,,None,,None,,None,,True,False,False,20191400010028,2,séjours mer classes de découvertes,None,None,False,La ligue de l'enseignement,None,None,21 rue Saint Fargeau,75020,PARIS,FR101,None,(+33) -43-58-96-22,None,None,marchespublics@laligue.fr,None,True,False,2019-12-04,8,,,,8,False,False,3088305.0,EUR,,None,,None,,None,,,None,None,2906640.0,EUR,3467984.85,EUR,,None,,None,None,,None,None,None,None,None,None,True,,None,None,None,None,None,None,None,None,None,,None,None,None
19-186595,False,False,False,False,,None,,None,,None,,True,False,False,20191400010035,3,Séjours campagne Vacances Arc-en-Ciel ,None,None,False,association découverte vacances,None,None,32 boulevard Chanzy,None,Bergerac,FR101,None,(+33) -53-58-14-80,None,None,adve24@wanadoo.fr,None,True,False,2019-12-04,9,,,,9,False,False,893880.0,EUR,,None,,None,,None,,,None,None,727480.8,EUR,1123125.84,EUR,,None,,None,None,,None,None,None,None,None,None,True,,None,None,None,None,None,None,None,None,None,,None,None,None
19-186595,False,False,False,False,,None,,None,,None,,True,False,False,20191400010019,3,Séjours campagne Vacances Arc-en-Ciel,None,None,False,Loisirs club 4-80,None,None,26 rue jean jaurès,78100,Saint-Germain-En-Laye,FR103,None,(+33) -34-51-91-91,None,None,david@loisirs-club.fr,None,True,False,2019-12-04,16,,,,16,False,False,893880.0,EUR,,None,,None,,None,,,None,None,727480.8,EUR,1123125.84,EUR,,None,,None,None,,None,None,None,None,None,None,True,,None,None,None,None,None,None,None,None,None,,None,None,None
19-186595,False,False,False,False,,None,,None,,None,,True,False,False,20191400010022,3,Séjours campagne Vacances Arc-en-Ciel,None,None,False,PEP 75,None,None,149 rue de Vaugirard,None,PARIS,FR101,None,(+33) -47-34-00-10,None,None,contact@pep75.org,None,True,False,2019-12-05,16,,,,16,False,False,893880.0,EUR,,None,,None,,None,,,None,None,727480.8,EUR,1123125.84,EUR,,None,,None,None,,None,None,None,None,None,None,True,,None,None,None,None,None,None,None,None,None,,None,None,None
19-186595,False,False,False,False,,None,,None,,None,,True,False,False,20191400010008,3,séjours mer vacances Arc-En-Ciel,None,None,False,association rencontre services ,None,None,14 rue chaude,None,Bonzée,FR101,None,(+33) -29-87-36-65,None,None,alexandra.pivaton@cpie-meuse.fr,None,True,False,2019-12-05,16,,,,16,False,False,893880.0,EUR,,None,,None,,None,,,None,None,727480.8,EUR,1123125.84,EUR,,None,,None,None,,None,None,None,None,None,None,True,,None,None,None,None,None,None,None,None,None,,None,None,None
19-186595,False,False,False,False,,None,,None,,None,,True,False,False,20191400010007,3,Séjours campagne Vacances Arc-en-Ciel,None,None,False,association nationale temps jeunes,None,None,99 rue de Merlo,69600,Oullins,FR101,None,(+33) -72-66-16-61,None,None,marches.publics@temps-jeunes.com,None,True,False,2019-12-05,16,,,,16,False,False,893880.0,EUR,,None,,None,,None,,,None,None,727480.8,EUR,1123125.84,EUR,,None,,None,None,,None,None,None,None,None,None,True,,None,None,None,None,None,None,None,None,None,,None,None,None
19-186595,False,False,False,False,,None,,None,,None,,True,False,False,20191400010029,3,Séjours campagne Vacances Arc-en-Ciel,None,None,False,S.A.I.E.M,None,None,7 place charles de Gaulle ,48000,Mende ,FR101,None,(+33) -66-94-01-10,None,None,None,None,True,False,2019-12-04,16,,,,16,False,False,893880.0,EUR,,None,,None,,None,,,None,None,727480.8,EUR,1123125.84,EUR,,None,,None,None,,None,None,None,None,None,None,True,,None,None,None,None,None,None,None,None,None,,None,None,None
19-186595,False,False,False,False,,None,,None,,None,,True,False,False,20191400010009,3,Séjours campagne Vacances Arc-en-Ciel,None,None,False,Association saint-Etienne de Meaux ,None,None,2 rue salengro,77124,cregy les Meaux,FR101,None,None,None,None,None,None,True,False,2019-12-05,16,,,,16,False,False,893880.0,EUR,,None,,None,,None,,,None,None,727480.8,EUR,1123125.84,EUR,,None,,None,None,,None,None,None,None,None,None,True,,None,None,None,None,None,None,None,None,None,,None,None,None
19-186595,False,False,False,False,,None,,None,,None,,True,False,False,20191400010010,3,Séjours campagne Vacances Arc-en-Ciel,None,None,False,Aventure vacances énergie ,None,None,67 rue pasteur ,69007,Lyon,FR101,None,None,None,None,None,None,True,False,2019-12-05,16,,,,16,False,False,893880.0,EUR,,None,,None,,None,,,None,None,727480.8,EUR,1123125.84,EUR,,None,,None,None,,None,None,None,None,None,None,True,,None,None,None,None,None,None,None,None,None,,None,None,None
